"Name","VersionName","Version","Scope","DescriptorPath","EngineVersion","EnabledByDefault","Installed","IsBetaVersion","IsExperimentalVersion","DescriptorSHA256"
"AbilitySystemGameFeatureActions","0.1","1","engine_inventory_not_project_enablement","Engine/Plugins/Experimental/AbilitySystemGameFeatureActions/AbilitySystemGameFeatureActions.uplugin",,"False","False","True",,"7a9d510aa8c4ed80637eb80f5ce37a5b9d400bf7bbca4cfd55b06d78d584618b"
"AccumulationDOF","1.0","1","engine_inventory_not_project_enablement","Engine/Plugins/VirtualProduction/AccumulationDOF/AccumulationDOF.uplugin",,,"False","False","True","b453e19daae454f7bbe822ab483ee98c23ec59d1dfc17b753fe2eb3dd3bd7ce3"
"ACLPlugin","3.1.0","30100","engine_inventory_not_project_enablement","Engine/Plugins/Animation/ACLPlugin/ACLPlugin.uplugin",,"True",,"False",,"3f8e1e7fea93d2d1198bae040c5c47afc8970e7cc8851cadfd9464acce03c7ee"
"ActorLayerUtilities","1.0","1","engine_inventory_not_project_enablement","Engine/Plugins/Runtime/ActorLayerUtilities/ActorLayerUtilities.uplugin",,"True","False","False","False","8104669719208fb355399ffc343e24f7f28b0b740643a5038c8f93fee41a2dd1"
"ActorModifier","1.0","1","engine_inventory_not_project_enablement","Engine/Plugins/VirtualProduction/ActorModifier/ActorModifier.uplugin",,,"False",,,"2d1fabb1352fafc91a24b2247f48afc6f394c46ec0f3de04cbf026f35ee0df0e"
"ActorModifierCore","1.0","1","engine_inventory_not_project_enablement","Engine/Plugins/VirtualProduction/ActorModifierCore/ActorModifierCore.uplugin",,,"False",,,"c4cb4b877113b9f14b252ec204c3f825cf32a13afd320c5376ba0ba34a8f5aab"
"ActorPalette","1.0","1","engine_inventory_not_project_enablement","Engine/Plugins/Experimental/ActorPalette/ActorPalette.uplugin",,"False","False","True","False","afb22a32ee60dc96dc98767027965446d2648cdb835ef50c1930f713536b637d"
"ActorSequence","0.1","1","engine_inventory_not_project_enablement","Engine/Plugins/MovieScene/ActorSequence/ActorSequence.uplugin",,"True","False","True",,"19860bd01105527b12fa2bd0d1296547c1940b6d102a4b6a9048ee2ba6656069"
"Adjust","1.0","1","engine_inventory_not_project_enablement","Engine/Plugins/Runtime/Analytics/Adjust/Adjust.uplugin",,"False","False","False",,"4d7747821f19b705208d1b46b5dd8462893daed6286f3d10454380285948dec9"
"ADM","1.0","1","engine_inventory_not_project_enablement","Engine/Plugins/Runtime/ADM/ADM.uplugin",,,"False","False","True","5fa7d38ff566e4227b1c35cefb84e9caae63e459ae036da512cdc40087fe42ba"
"AdvancedRenamer","1.0","1","engine_inventory_not_project_enablement","Engine/Plugins/Experimental/AdvancedRenamer/AdvancedRenamer.uplugin",,"True","False","False","True","cf42b43befce433ef87bca2de2bc1c6db25d8a8c068a36c660a68998b9d7af25"
"AESGCMHandlerComponent","1.0","1","engine_inventory_not_project_enablement","Engine/Plugins/Runtime/PacketHandlers/AESGCMHandlerComponent/AESGCMHandlerComponent.uplugin",,"False","False","False",,"16d4b1530e42eb27baababa9e98f96824fae5080664c3b0524e4a06a0c6c5598"
"AESHandlerComponent","1.0","1","engine_inventory_not_project_enablement","Engine/Plugins/Runtime/PacketHandlers/AESHandlerComponent/AESHandlerComponent.uplugin",,"False","False","False",,"bf5b2d61c1a9fe24858c5f131a4f089eb3467c25af74dfafc42b2a543f652ee2"
"AIAssistant","1.0","1","engine_inventory_not_project_enablement","Engine/Plugins/Experimental/AIAssistant/AIAssistant.uplugin",,"False","False","False","True","5d67027471655b0d18581509bddf669dae9472ae943b911688fd18b7edbc02cd"
"AIModuleToolset","1.0","1","engine_inventory_not_project_enablement","Engine/Plugins/Experimental/Toolsets/AIModuleToolset/AIModuleToolset.uplugin",,"False","False","False","True","f38a65521245744722925081e75a7e6cb07256d704ade7cd9e410cbc647ded22"
"AISupport","1.0","1","engine_inventory_not_project_enablement","Engine/Plugins/AI/AISupport/AISupport.uplugin",,"True","False","False",,"c9e835c6ee10609f056d2c382f2aa4857e2bd48ee3017daaa8e970e23ceb5c2a"
"AjaMedia","2.0","2","engine_inventory_not_project_enablement","Engine/Plugins/Media/AjaMedia/AjaMedia.uplugin",,"False",,"False",,"9626fdb310fbc1a2afce68dd3d5956e0c90fd6c193ed00c6b484499bca06ed2c"
"AlembicHairImporter","1.0","2","engine_inventory_not_project_enablement","Engine/Plugins/Importers/AlembicHairImporter/AlembicHairImporter.uplugin",,"False","False","False",,"06f2c762957b1dabea4c2a30df37c7f1ad729cd4f78a11228e04ffea1cf0f679"
"AlembicImporter","1.0","1","engine_inventory_not_project_enablement","Engine/Plugins/Importers/AlembicImporter/AlembicImporter.uplugin",,"True","False","False",,"86feb0595acf7950972e7ae7631ab12faf7440e788d555096293ff6eb2ac5d5d"
"AllToolsets","1.0","1","engine_inventory_not_project_enablement","Engine/Plugins/Experimental/Toolsets/AllToolsets/AllToolsets.uplugin",,"False",,,"True","0a0fecaded0ef2f88bfe235b96eedf211acc6bc27f4684a116942ece2892cec3"
"AMFCodecs","0.1","1","engine_inventory_not_project_enablement","Engine/Plugins/Experimental/AVCodecs/AMFCodecs/AMFCodecs.uplugin",,"False","False",,"True","63793b529200fd689abf3106434b462a58fecd606f7821d7cd5b9274a1909e50"
"AnalyticsBlueprintLibrary","1.0","1","engine_inventory_not_project_enablement","Engine/Plugins/Runtime/Analytics/AnalyticsBlueprintLibrary/AnalyticsBlueprintLibrary.uplugin",,"False","False","False",,"3f6992eb70e7b849b70e8a483b17914cfef6c0c66d124b40459c747c026641d0"
"AnalyticsMulticast","2.0","2","engine_inventory_not_project_enablement","Engine/Plugins/Runtime/Analytics/AnalyticsMulticast/AnalyticsMulticast.uplugin",,"False","False","False",,"f5b1a37a9d998f252433163382105ccd26717fc50a08560a9f9a2d8643530beb"
"AndroidBackgroundService","1.0","1","engine_inventory_not_project_enablement","Engine/Plugins/Runtime/AndroidBackgroundService/AndroidBackgroundService.uplugin",,"False",,,,"9dbdc19e646abfb2000cb42ba583567682171ff35b09576bca1368d071a4acd4"
"AndroidCamera","2.0","2","engine_inventory_not_project_enablement","Engine/Plugins/Media/AndroidCamera/AndroidCamera.uplugin",,"False","False","False",,"6dbb99e54f53552c21de9e333f9319ec386bd9d9a194c1c4b14266523682ed88"
"AndroidDeviceProfileSelector","1.0","1","engine_inventory_not_project_enablement","Engine/Plugins/Runtime/AndroidDeviceProfileSelector/AndroidDeviceProfileSelector.uplugin",,"True","False","False",,"e08e75c9a35dd74868028d6fb207c367a85b1569d096f75ad8e2fc7ee3bc9ad7"
"AndroidFetchBackgroundDownload","1.0","1","engine_inventory_not_project_enablement","Engine/Plugins/Online/Android/AndroidFetchBackgroundDownload/AndroidFetchBackgroundDownload.uplugin",,"False",,,,"f58f167d24402da7331277eee3a33a00dee2962556e943f2ddff5d5d8cc38ae0"
"AndroidFileServer","1.0","1","engine_inventory_not_project_enablement","Engine/Plugins/Runtime/AndroidFileServer/AndroidFileServer.uplugin",,"True","False","False",,"ff5e3cb2c16238bb7ed48ad1509d22d40d257496d035830f29f5660ee59e442d"
"AndroidMedia","2.0","2","engine_inventory_not_project_enablement","Engine/Plugins/Media/AndroidMedia/AndroidMedia.uplugin",,"True","False","False",,"57ad402c146c720339662568aeb95442a0257117c346d4c367d0703e0d655cee"
"AndroidMoviePlayer","1.0","1","engine_inventory_not_project_enablement","Engine/Plugins/Runtime/AndroidMoviePlayer/AndroidMoviePlayer.uplugin",,"True","False","False","False","7a5bf14844f220df065a6df8fbcaf08fcd6d641645ba817732934c613ac749e8"
"AndroidPermission","0.1","1","engine_inventory_not_project_enablement","Engine/Plugins/Runtime/AndroidPermission/AndroidPermission.uplugin",,"True","False","True",,"b9eae81dc33ed484e4b4ef1b916bfd9d0e163d772cb792a91245b97382517fec"
"AnimationAssistantToolset","1.0","1","engine_inventory_not_project_enablement","Engine/Plugins/Experimental/Toolsets/AnimationAssistantToolset/AnimationAssistantToolset.uplugin",,,"False","False","True","93ba8a0c074b33e3c6a4345a266bf673831039baa408f42f2ecfc5072295a0e2"
"AnimationBudgetAllocator","1.0","1","engine_inventory_not_project_enablement","Engine/Plugins/Runtime/AnimationBudgetAllocator/AnimationBudgetAllocator.uplugin",,"False","False","False","False","c40f8f3f3451a35a9905d167739423a00ab72563a0b2a9b0f89be157997a03e0"
"AnimationData","1.0","1","engine_inventory_not_project_enablement","Engine/Plugins/Animation/AnimationData/AnimationData.uplugin",,"True","False","False",,"f2411de26d85f2352467606996127d1edb88467832ab74f586b13b0e97e0a718"
"AnimationLayering","0.1","1","engine_inventory_not_project_enablement","Engine/Plugins/Experimental/Animation/AnimationLayering/AnimationLayering.uplugin",,"False","False","False","True","0ed16941c18a8cf8c6d7b66abee787730b51ab774149b01e913eb7587928a6a6"
"AnimationLocomotionLibrary","1.0","1","engine_inventory_not_project_enablement","Engine/Plugins/Animation/AnimationLocomotionLibrary/AnimationLocomotionLibrary.uplugin",,"False","False","True","False","d1dfb5af23e588f6875828c2b272fd5259a638e5e5eaa751c1493e0b43b8c466"
"AnimationModifierLibrary","1.0","1","engine_inventory_not_project_enablement","Engine/Plugins/Animation/AnimationModifierLibrary/AnimationModifierLibrary.uplugin",,"True","False","False","False","cb1533aeefa34a2b93331ccd55db7018680c65a7ed46919456aacbc0fbc8b2f6"
"AnimationSharing","1.0","1","engine_inventory_not_project_enablement","Engine/Plugins/Developer/AnimationSharing/AnimationSharing.uplugin",,"True","False","False","False","c2b2b5c7860950c3a03a4d63a9e8e9e550ca8d32ab6636cd154c836b034e5257"
"AnimationWarping","1.0","1","engine_inventory_not_project_enablement","Engine/Plugins/Animation/AnimationWarping/AnimationWarping.uplugin",,"False","False","False","False","6f6106e890879c13edc17637f64ff3ff1e90ac89e29e62b720613a44bf1b78a2"
"AnimatorKit","1.0","1","engine_inventory_not_project_enablement","Engine/Plugins/Animation/AnimatorKit/AnimatorKit.uplugin",,"True","False","True","False","00dae8f3d76ec7b56265c29ff788cb6b12da58597df08d1f528af4ec496b1e14"
"AnimDatabase","0.1","1","engine_inventory_not_project_enablement","Engine/Plugins/Experimental/Animation/AnimDatabase/AnimDatabase.uplugin",,"False","False","False","True","43806715518f737c1d12fa58333a1d666af2dbe041d5d041647c60ce962d2ff2"
"AnimGen","0.1","1","engine_inventory_not_project_enablement","Engine/Plugins/Experimental/Animation/AnimGen/AnimGen.uplugin",,"False","False","False","True","25d0a2d3868fadeec287ab69dd7f846dd3bee894621e79807e8525a841851b20"
"AnimToTexture","2.1","2","engine_inventory_not_project_enablement","Engine/Plugins/Experimental/AnimToTexture/AnimToTexture.uplugin",,,"False","False","True","186ad07af0de779b8c12a506b822cf5304eae4c6a7c13522abcdb16557f17b03"
"ApexDestruction","1.0","1","engine_inventory_not_project_enablement","Engine/Plugins/Runtime/ApexDestruction/ApexDestruction.uplugin",,"False","False","False",,"40bc39977fa51c4d88e64be45de39933574730f74fde5167185decbda43cf9bb"
"AppleARKit","0.1","1","engine_inventory_not_project_enablement","Engine/Plugins/Runtime/AR/AppleAR/AppleARKit/AppleARKit.uplugin",,"False",,"False",,"b62a81515025b3fc198190cd35b945d7c42c0a866311ec7a4c1c94eac198d506"
"AppleARKitFaceSupport","0.1","1","engine_inventory_not_project_enablement","Engine/Plugins/Runtime/AR/AppleAR/AppleARKitFaceSupport/AppleARKitFaceSupport.uplugin",,"False",,"False",,"8d181f492ea2c955437828c90d37414777f39a85746566b08d4be504c3b03b1e"
"AppleImageUtils","1.0","1","engine_inventory_not_project_enablement","Engine/Plugins/Runtime/AppleImageUtils/AppleImageUtils.uplugin",,"True","False","False",,"1d8b56a1eae9f247f09307209cb70e786303021243a493cade24e18f38d2a2fa"
"AppleMoviePlayer","1.0","1","engine_inventory_not_project_enablement","Engine/Plugins/Runtime/AppleMoviePlayer/AppleMoviePlayer.uplugin",,"True","False","False","False","7f1681006ac6dc66fbabc893f72ea25f7eba09a6fcb91a3f3d8b4860925d9501"
"AppleProResDecoderElectra","1.0","1","engine_inventory_not_project_enablement","Engine/Plugins/Media/AppleProResDecoderElectra/AppleProResDecoderElectra.uplugin",,"False","False","False",,"4c00bf8c5438c5776b4e200ecd724e65cf386413898f2c7e6d04a80e8df362fb"
"AppleProResMedia","1.0","1","engine_inventory_not_project_enablement","Engine/Plugins/Media/AppleProResMedia/AppleProResMedia.uplugin",,"False","False","False",,"4fb32a8b971801abfc1d282c676b10a514d3860948ee0227d843d686308b7724"
"APVDecoderElectra","0.1","1","engine_inventory_not_project_enablement","Engine/Plugins/Media/APVDecoderElectra/APVDecoderElectra.uplugin",,"False","False","True","True","4299924bcc79b25a375409c5e140ae14e76ffcba7542a07680dcaba04e493f87"
"ArchVisCharacter","1.0","1","engine_inventory_not_project_enablement","Engine/Plugins/Runtime/ArchVisCharacter/ArchVisCharacter.uplugin",,"True","False","False",,"824ad22101284ea59cec24f548ef4a171c94b43a684863da1bc3ebeb305b266d"
"ARUtilities","0.1","1","engine_inventory_not_project_enablement","Engine/Plugins/Runtime/AR/ARUtilities/ARUtilities.uplugin",,,"False","False","False","ceda41dad6217d3bb5876acb32bcdb4931362f2b6864f2d31c8f604101032898"
"AssetManagerEditor","1.0","1","engine_inventory_not_project_enablement","Engine/Plugins/Editor/AssetManagerEditor/AssetManagerEditor.uplugin",,"True","False","False",,"5b37035eecddd31707f2b3a522ceafe97e95d0638916f3713cb26f9ac0b3c49a"
"AssetReferenceRestrictions","1","1","engine_inventory_not_project_enablement","Engine/Plugins/Editor/AssetReferenceRestrictions/AssetReferenceRestrictions.uplugin",,"False","False","False",,"f2e69f7300cd1f9c066703f89f9ca733be5699bd527fcfd4bd751470af16fea3"
"AssetRegistryExport","1.0","1","engine_inventory_not_project_enablement","Engine/Plugins/Editor/AssetRegistryExport/AssetRegistryExport.uplugin",,"False","False","False",,"3d01a1f0ae4759e1a26c99ba8016769533e40314d4f41333f6231df30a957b41"
"AssetSearch","1.0","1","engine_inventory_not_project_enablement","Engine/Plugins/Editor/AssetSearch/AssetSearch.uplugin",,"False","False","True",,"1b2ac356e5a97f753d4fb802ef8a7eb3415db714a1f00e7ee7adf7dfbfe09b81"
"AssetTags","1.0","1","engine_inventory_not_project_enablement","Engine/Plugins/Runtime/AssetTags/AssetTags.uplugin",,"True","False","False",,"a8d424f767a3b0a44b802aaeab687e9235a6db8978dd1ae4f64e932d4ee64603"
"AsyncMessageSystem","0.1","1","engine_inventory_not_project_enablement","Engine/Plugins/Experimental/AsyncMessageSystem/AsyncMessageSystem.uplugin",,"False","False","False","True","838786787563fef8ab6d43d3accb0ce203fc379e2789bcc8da98d81f80ec4c89"
"AsyncMessageSystemTests","0.1","1","engine_inventory_not_project_enablement","Engine/Plugins/Experimental/AsyncMessageSystemTests/AsyncMessageSystemTests.uplugin",,"False","False","False","True","ca21e83fb14500d693ee03fff4e00aac44c5f8c7ba5fb07c0781cbceeb06af35"
"AudioCapture","1.0","1","engine_inventory_not_project_enablement","Engine/Plugins/Runtime/AudioCapture/AudioCapture.uplugin",,"True","False","False",,"8b585386521fdfbea54e8b0013866181bae6ffc48ac94204362773c4c5b7b38a"
"AudioCaptureTimecodeProvider","1.0","1","engine_inventory_not_project_enablement","Engine/Plugins/Media/AudioCaptureTimecodeProvider/AudioCaptureTimecodeProvider.uplugin",,"False","False","True",,"bd34fc242fd03575cda98585bd153ddbb63e4dd0d555de078717aceaaa9b22c9"
"AudioCQTests","1.0","1","engine_inventory_not_project_enablement","Engine/Plugins/Tests/AudioCQTests/AudioCQTests.uplugin",,,"False","False",,"25fef777513fae80b55b9d4e9f96a3d5a5066b56952e7d38585bd1fa1ff47717"
"AudioGameplay","1.0","1","engine_inventory_not_project_enablement","Engine/Plugins/AudioGameplay/AudioGameplay.uplugin",,,"False","True",,"2216ffa9f99111fd2c781100861163e10851b16a0934777d18ddaaee960247a1"
"AudioGameplayVolume","1.0","1","engine_inventory_not_project_enablement","Engine/Plugins/AudioGameplayVolume/AudioGameplayVolume.uplugin",,,"False","True",,"22e694c14800783318b13272b5df335d60cb7076aed54845b4390e6d73c7fb9e"
"AudioInsights","1.0","1","engine_inventory_not_project_enablement","Engine/Plugins/AudioInsights/AudioInsights.uplugin",,"True","False","False","False","ed5149f6755b415139bd16a1710415415b247b30905dd8c49dcf42cd1d5bc142"
"AudioInsightsRuntime","1.0","1","engine_inventory_not_project_enablement","Engine/Plugins/AudioInsightsRuntime/AudioInsightsRuntime.uplugin",,"True","False","False","False","76d0f564e9836b5545a8a3c60a38beeda1a2810edde2bec76370befd9cd1ef3d"
"AudioModulation","2.0","1","engine_inventory_not_project_enablement","Engine/Plugins/Runtime/AudioModulation/AudioModulation.uplugin",,"False","False","False","False","b1be3999b98f18dd2f4f48223db13501d397a2178bb8b608cb61bdf3cf76f459"
"AudioModulationInsights","1.0","1","engine_inventory_not_project_enablement","Engine/Plugins/AudioModulationInsights/AudioModulationInsights.uplugin",,"True","False","False","False","fd3c8a9519e9034353727a17656293c10be47803dab27a4a9448b713846edade"
"AudioMotorSim","1.0","1","engine_inventory_not_project_enablement","Engine/Plugins/Runtime/AudioMotorSim/AudioMotorSim.uplugin",,"False","False",,"True","a4724962113615484d2be3f6a3938aac43647206190d3526fd3620de17175c3e"
"AudioProperties","0.0","0","engine_inventory_not_project_enablement","Engine/Plugins/Experimental/AudioProperties/AudioProperties.uplugin",,"False","False","False","True","f4a2daa346d90f2c80166c435eab3ace5c4859d2a90df6612fdb014e25cf25d7"
"AudioSynesthesia","1.0","1","engine_inventory_not_project_enablement","Engine/Plugins/Runtime/AudioSynesthesia/AudioSynesthesia.uplugin",,"False","False","True",,"61e49182a88a02745794b3e5329a883086b8e14846080fe571032fcd558cce38"
"AudioWidgets","1.0","1","engine_inventory_not_project_enablement","Engine/Plugins/Runtime/AudioWidgets/AudioWidgets.uplugin",,,"False","False","False","77bec7f8a2d2a30e85fe6249fd61fbd24f72b971872f9a26fb3eb72c84952e72"
"AutomatedPerfTesting","0.1","1","engine_inventory_not_project_enablement","Engine/Plugins/Performance/AutomatedPerfTesting/AutomatedPerfTesting.uplugin",,,"False","False","True","b37c47dde0b66bec7fc9c5da03e550e717e5ebf46889d2833220eccc5667a7e2"
"AutomatedPerfTestTools","0.1","1","engine_inventory_not_project_enablement","Engine/Plugins/Performance/AutomatedPerfTestTools/AutomatedPerfTestTools.uplugin",,"True","False","False","True","6b390bf62a85a7eb4122fb452350d0e79c537db92cb3d25523dc5e46debe20cb"
"AutomationControllerRpc","1.0","1","engine_inventory_not_project_enablement","Engine/Plugins/AutomationControllerRpc/AutomationControllerRpc.uplugin",,,"False","False","True","17520b6c47dbd597415ea7435105dd8af2079b13f59c309da4f7be0a818dd513"
"AutomationDriverTests","1.0","1","engine_inventory_not_project_enablement","Engine/Plugins/Tests/AutomationDriverTests/AutomationDriverTests.uplugin",,"False","False","False",,"fccac37f04312346ce40d17b848b1b4c38157de6116a3942a1a67206d1d9e3b7"
"AutomationTestToolset","1.0","1","engine_inventory_not_project_enablement","Engine/Plugins/Experimental/Toolsets/AutomationTestToolset/AutomationTestToolset.uplugin",,"False","False","False","True","ef31f3689ede040b005d6bcb7ec2886d16fac5c7c47b9aad1060c5d0fd01b78b"
"AutomationUtils","0.1","1","engine_inventory_not_project_enablement","Engine/Plugins/Experimental/AutomationUtils/AutomationUtils.uplugin",,"True","False","True","False","7fa902bc1e1c40cc42e220cecb6645b16b90a252907ecef03c2ac241a1e1e80d"
"AV1DecoderElectra","1.0","1","engine_inventory_not_project_enablement","Engine/Plugins/Media/AV1DecoderElectra/AV1DecoderElectra.uplugin",,"False","False","True","True","7180ae12fc9acfabfc5bb806909b396d7f27ff9bc481be39c803d0216c2861ad"
"Avalanche","1.0","1","engine_inventory_not_project_enablement","Engine/Plugins/VirtualProduction/Avalanche/Avalanche.uplugin",,"False","False",,,"3453fea9378af8cfdd5e82c050e0e252da10eec8dc299e63a221af9566cb3a76"
"AvalancheDataLink","1.0","1","engine_inventory_not_project_enablement","Engine/Plugins/VirtualProduction/AvalancheDataLink/AvalancheDataLink.uplugin",,,"False","True","False","929d5f37e7b1f3429b253938b052d9c28bb6420cb8f6dd1dfb0be1688cf19aac"
"AvalancheDisplayCluster","1.0","1","engine_inventory_not_project_enablement","Engine/Plugins/Experimental/AvalancheDisplayCluster/AvalancheDisplayCluster.uplugin",,"False","False","False","True","d84b2121f78fca9b1222c1d699be71d929282a45803eeab00bf2b4681b08c4fc"
"AvalancheSceneState","1.0","1","engine_inventory_not_project_enablement","Engine/Plugins/VirtualProduction/AvalancheSceneState/AvalancheSceneState.uplugin",,,"False","True","False","2500965b346d79aeade194cb440299570993aae2d24896754c8a0452bbbbb552"
"AvalancheSequenceNavigator","1.0","1","engine_inventory_not_project_enablement","Engine/Plugins/Experimental/AvalancheSequenceNavigator/AvalancheSequenceNavigator.uplugin",,"False","False","False","True","52f4379ed3aa9b85168928c51b423ecf976d9e121afd558e4b877e503f4311df"
"AVCodecsCore","0.1","0.1","engine_inventory_not_project_enablement","Engine/Plugins/Experimental/AVCodecs/AVCodecsCore/AVCodecsCore.uplugin",,"False","False",,"True","b063c35ca6906ae2ccfe736f60b0cec7dd1bdef1afdf94d81fdf376abd6c35e0"
"AvfMedia","2.0","2","engine_inventory_not_project_enablement","Engine/Plugins/Media/AvfMedia/AvfMedia.uplugin",,"True","False","False",,"e6bf4fb3289c2c91e30cf0e5247cf051d90c01cd2d088f7e60782ff0e4d85dea"
"AvidDNxHDDecoderElectra","1.0","1","engine_inventory_not_project_enablement","Engine/Plugins/Media/AvidDNxHDDecoderElectra/AvidDNxHDDecoderElectra.uplugin",,"False","False","False",,"9b7caa6117fe557d3c7066f4740259944d72b42c4e9965708ea78eff316f16e8"
"AvidDNxMedia","1.0","1","engine_inventory_not_project_enablement","Engine/Plugins/Media/AvidDNxMedia/AvidDNxMedia.uplugin",,"False","False","False",,"e105c7e919a62469e565e30ebcc0fc2831e0cedd74270131a90e1d3e04670264"
"AxFImporter","1.0","1","engine_inventory_not_project_enablement","Engine/Plugins/Enterprise/AxFImporter/AxFImporter.uplugin",,"False","False","True",,"fe3f315b231ff48456444efd18c0a57e725cf7ede29ab46c3347c91fbb7aaf89"
"BackChannel","1","1","engine_inventory_not_project_enablement","Engine/Plugins/Experimental/BackChannel/BackChannel.uplugin",,"True",,,,"ca5c83ffbe47971c3ba8a3f32f0a5d7f7b8eac69ef90f9c25b3186a0f2783c4b"
"BaseCharacterFXEditor","0.1","1","engine_inventory_not_project_enablement","Engine/Plugins/Experimental/CharacterFXEditor/BaseCharacterFXEditor/BaseCharacterFXEditor.uplugin",,,"False",,"True","dee8cdb3241fd308a06a655f301c91a93f1035ff21e61e6f63241866e7b9c400"
"BaseMaterial","1.0","1","engine_inventory_not_project_enablement","Engine/Plugins/BaseMaterial/BaseMaterial.uplugin",,"True","False","True","False","7eff8e9c9497b32884667890c9a3bb92481d251d7874bc2918c10b3dc7d3f257"
"BinkMedia","2.0","2","engine_inventory_not_project_enablement","Engine/Plugins/Media/BinkMedia/BinkMedia.uplugin",,"False","False","False",,"ba59b7bd085b75866633e63dd59ac20a45fe3206dd90530d9ef29f4ebe642859"
"BlackmagicMedia","2.1","2","engine_inventory_not_project_enablement","Engine/Plugins/Media/BlackmagicMedia/BlackmagicMedia.uplugin",,"False",,"False",,"0caf9be577fd67cc0af17fdff48d52627459dd985adf71d572bd38920d16505e"
"BlankPlugin","1.0","1","engine_inventory_not_project_enablement","Engine/Plugins/Developer/BlankPlugin/BlankPlugin.uplugin",,"False","False","False",,"df2f9c7c49339a153ac9c1580a625db3fdcf5aec07bd03e96eca50d6e67ab399"
"BlendSpaceMotionAnalysis","1.0","1","engine_inventory_not_project_enablement","Engine/Plugins/Animation/BlendSpaceMotionAnalysis/BlendSpaceMotionAnalysis.uplugin",,"True","False","False",,"bc7bb320837376734c62de122ea90c3918a0054ec24fe2850d84226182a6e58c"
"BlendStack","1.0","1","engine_inventory_not_project_enablement","Engine/Plugins/Animation/BlendStack/BlendStack.uplugin",,"False","False",,,"876a09feccca101716ed243c5d4e9ce1aa76ccc3aebc9befa22697ddd74b3246"
"BlueprintFileUtils","1.0","1","engine_inventory_not_project_enablement","Engine/Plugins/BlueprintFileUtils/BlueprintFileUtils.uplugin",,"False","False","False",,"4b727af09e0af421562b1babbeff3093b19fb56c0e8ce22109eba3dca5772b42"
"BlueprintHeaderView","1.0","1","engine_inventory_not_project_enablement","Engine/Plugins/Editor/BlueprintHeaderView/BlueprintHeaderView.uplugin",,"True","False","False","False","6814583d475124935cc32a01d06216c2d2c7db6f6f050adb5dfcc0f29a9a6793"
"BlueprintMaterialTextureNodes","1.0","1","engine_inventory_not_project_enablement","Engine/Plugins/Editor/BlueprintMaterialTextureNodes/BlueprintMaterialTextureNodes.uplugin",,,"False","False","False","31f03882c3783d538dd2b1c940bd0d9c4776675880f4e076bd6d1ec1483f171b"
"BlueprintSnapNodes","1.0","1","engine_inventory_not_project_enablement","Engine/Plugins/Experimental/BlueprintSnapNodes/BlueprintSnapNodes.uplugin",,"False","False","False","True","cb2eadb429316c15c31d0e82c4d9738cd0da5e34589cc81ee47bea8968128e3f"
"BlueprintStats","1.0","1","engine_inventory_not_project_enablement","Engine/Plugins/Experimental/BlueprintStats/BlueprintStats.uplugin",,"False","False","False",,"a9a4c0cc9b3ee284f007c6dc58a59dd9a29347cf34a5b8a740313082fcf27972"
"Bridge","2025.0.1","50","engine_inventory_not_project_enablement","Engine/Plugins/Bridge/Bridge.uplugin","5.8.0","True",,,,"046c27e303bce628eb656c677e92a283ff6463d98d96ddcf614bd7867c419957"
"Buoyancy","0.1","1","engine_inventory_not_project_enablement","Engine/Plugins/Experimental/Buoyancy/Buoyancy.uplugin",,"False","False",,"True","18b03a4534f2d082d7c5d2b6dd8a4350d4b7c06e4ff59c31f96d14e9e75c4a91"
"CableComponent","1.0","1","engine_inventory_not_project_enablement","Engine/Plugins/Runtime/CableComponent/CableComponent.uplugin",,"True","False","False",,"5e70901f794838c0d15534faa11aace8de9d95e13f43c21ad2e56e117911153e"
"CameraCalibration","1.0","1","engine_inventory_not_project_enablement","Engine/Plugins/VirtualProduction/CameraCalibration/CameraCalibration.uplugin",,,"False","True",,"fe71a929b8b2ee00347c3497ccce427fa9a2bf016465b2317c10f25ecd2274cd"
"CameraCalibrationCore","1.0","1","engine_inventory_not_project_enablement","Engine/Plugins/VirtualProduction/CameraCalibrationCore/CameraCalibrationCore.uplugin",,,"False","True",,"034cb7e7f6a5b91a714535836fbfd25e65bddd6b411e59877c5e9aed98f44641"
"CameraCalibrationML","1.0","1","engine_inventory_not_project_enablement","Engine/Plugins/VirtualProduction/CameraCalibrationML/CameraCalibrationML.uplugin",,,"False","False","True","968dbb5abcb43c7c537a109d2c1f2989a9267e1b5c26025c23119604c67bc78f"
"CameraShakePreviewer","0.1","1","engine_inventory_not_project_enablement","Engine/Plugins/Cameras/CameraShakePreviewer/CameraShakePreviewer.uplugin",,"True","False","True",,"23c55f0a7e12d24459ec4ac09a92f661dd4bd9425b3ddb85f0504925507d1fdc"
"CaptureData","1.0","1","engine_inventory_not_project_enablement","Engine/Plugins/VirtualProduction/CaptureData/CaptureData.uplugin",,,"False","False",,"76d8764107233861b0c8c1c9e678abba03770373d275a3411a3d6eeaba055324"
"CaptureManagerApp","1.0.0","1","engine_inventory_not_project_enablement","Engine/Plugins/VirtualProduction/CaptureManager/CaptureManagerApp/CaptureManagerApp.uplugin",,"False","False","False","False","70e662dbab65b8291b3887e7627eec677bb296d6b9aaa53c916f15a9bcf6b65b"
"CaptureManagerCore","1.0.0","1","engine_inventory_not_project_enablement","Engine/Plugins/VirtualProduction/CaptureManager/CaptureManagerCore/CaptureManagerCore.uplugin",,"False","False","False","False","ec3687ab9b92e22c921c0815828a5fb22c111218f8be01dd0721b32583290dfc"
"CaptureManagerDevices","1.0.0","1","engine_inventory_not_project_enablement","Engine/Plugins/VirtualProduction/CaptureManager/CaptureManagerDevices/CaptureManagerDevices.uplugin",,"False","False","False","False","a1f02dd6f866511d2805bf0c0a589833adb11f4e15ff498290d2656bd727bf47"
"CaptureManagerEditor","1.0.0","1","engine_inventory_not_project_enablement","Engine/Plugins/VirtualProduction/CaptureManager/CaptureManagerEditor/CaptureManagerEditor.uplugin",,"False","False","False","False","8131c31da274f150fd69829962f603605f8fd1abd64fdee38fab22d0696b53c6"
"Cascade","1.0","1","engine_inventory_not_project_enablement","Engine/Plugins/FX/Cascade/Cascade.uplugin",,"True","False","False",,"76e8942087baf6debaa110305993df480d7616282af66e8c9e39a246afb166d0"
"CascadeToNiagaraConverter","1.0","1","engine_inventory_not_project_enablement","Engine/Plugins/FX/CascadeToNiagaraConverter/CascadeToNiagaraConverter.uplugin",,"False","False","True",,"8c6912d3c4ec2f7314594d0f3afed4c3957899ee33980d22ce8a74c14d5f16d7"
"CelestialVault","1.0","1","engine_inventory_not_project_enablement","Engine/Plugins/Runtime/CelestialVault/CelestialVault.uplugin",,,"False","True","False","e0e8ff53c69acc8406b1a182a0edf3e20b3696eb824ff8f1e138cfce7f587581"
"ChangelistReview","1.0","1","engine_inventory_not_project_enablement","Engine/Plugins/Editor/ChangelistReview/ChangelistReview.uplugin",,"True","False","False","False","69104e558539be603030811f8903995c5b1564efef404dea6ceb2944959709ce"
"ChaosCaching","1.0","1","engine_inventory_not_project_enablement","Engine/Plugins/Experimental/ChaosCaching/ChaosCaching.uplugin",,"False","False","False","True","5f778ab41eb73e19cef50a25032a41bf48bcfa61d84afd04cbaf351c218046b9"
"ChaosCachingUSD","1.0","1","engine_inventory_not_project_enablement","Engine/Plugins/Experimental/ChaosCachingUSD/ChaosCachingUSD.uplugin",,"False","False",,"True","48033ed3298bcea8a41fa1bf18049879eda414a98f98b3f428f5964edf740766"
"ChaosCloth","1.0","1","engine_inventory_not_project_enablement","Engine/Plugins/ChaosCloth/ChaosCloth.uplugin",,"True","False",,,"ea6e1b91512c94bd93bd6fd852ba30916c5cd202716a7d80213dc1a6608c3b5b"
"ChaosClothAsset","0.1","1","engine_inventory_not_project_enablement","Engine/Plugins/ChaosClothAsset/ChaosClothAsset.uplugin",,"False","False",,,"53dd36d64b02261bab131e05935f849be603ae56ec0644726c4ee1e7497458da"
"ChaosClothAssetDataflowNodes","0.1","1","engine_inventory_not_project_enablement","Engine/Plugins/ChaosClothAssetDataflowNodes/ChaosClothAssetDataflowNodes.uplugin",,,"False",,,"188e536603c6bf5121b7de241a3c238d7a1aba59312d7a41ce1d79e98a3c0653"
"ChaosClothAssetEditor","0.1","1","engine_inventory_not_project_enablement","Engine/Plugins/ChaosClothAssetEditor/ChaosClothAssetEditor.uplugin",,,"False",,,"e6853681d389278a2eb508f36958cbedb6741f6dc11fd1592df9be2fa7e9164a"
"ChaosClothAssetEditorCore","0.1","1","engine_inventory_not_project_enablement","Engine/Plugins/ChaosClothAssetEditorCore/ChaosClothAssetEditorCore.uplugin",,,"False",,,"ed64e42fc4d3b94f5e9db0d37435d87ba3d3d617265aad0a45c84d5afa4cd33d"
"ChaosClothAssetToolset","1.0","1","engine_inventory_not_project_enablement","Engine/Plugins/Experimental/Toolsets/ChaosClothAssetToolset/ChaosClothAssetToolset.uplugin",,"False",,,"True","9762cbe2d2fed7a7b30212963a1abb49459de9b05b821a887c4967723265b8f0"
"ChaosClothAssetUsdDataflowNodes","0.1","1","engine_inventory_not_project_enablement","Engine/Plugins/ChaosClothAssetUsdDataflowNodes/ChaosClothAssetUsdDataflowNodes.uplugin",,,"False",,,"9270325cd856595a619b956516cf1cf40d8134500c90543c789325b89a396de5"
"ChaosClothEditor","1.0","1","engine_inventory_not_project_enablement","Engine/Plugins/Experimental/ChaosClothEditor/ChaosClothEditor.uplugin",,"False","False",,,"da8cc5f037951685754a1fab81c29ae9dcfad297832e39eff2181c074ba48688"
"ChaosClothGenerator","0.0","0","engine_inventory_not_project_enablement","Engine/Plugins/Animation/MLDeformer/ChaosClothGenerator/ChaosClothGenerator.uplugin",,,"False","False","True","cf2afa2e66de67241250921e1f8768372fa2ffac389d4dcae139ea5f7cf96b49"
"ChaosDataflowSolver","1.0","1","engine_inventory_not_project_enablement","Engine/Plugins/Experimental/ChaosDataflowSolver/ChaosDataflowSolver.uplugin",,,"False","False","True","9ae49da0cdcd95c0753a112a0d6bc4b816e75172b1e756dae2d31670f73cf361"
"ChaosEditor","1.0","1","engine_inventory_not_project_enablement","Engine/Plugins/Experimental/ChaosEditor/ChaosEditor.uplugin",,"True","False","True",,"e3ca6fc1da387d8be8f62e5102039e0c5ccaf5357d70265131a818755ee61f20"
"ChaosFlesh","0.1","1","engine_inventory_not_project_enablement","Engine/Plugins/Experimental/ChaosFlesh/ChaosFlesh.uplugin",,"False","False",,"True","64babf95661822316c3aa4f900e20ce34a089c44f29f4a3638404fe4e2ad83f1"
"ChaosFleshGenerator","0.0","0","engine_inventory_not_project_enablement","Engine/Plugins/Animation/MLDeformer/ChaosFleshGenerator/ChaosFleshGenerator.uplugin",,,"False","False","True","41d97022a716cc31085361d42a87366da7ed4bf001b6640145a116b8c0b61ea7"
"ChaosInsights","1.0","1","engine_inventory_not_project_enablement","Engine/Plugins/ChaosInsights/ChaosInsights.uplugin",,"True","False","True",,"d28c5285409dd0949233b4c5f3ec8ddf3dc5c17599ac7961b72a1c500ea597e9"
"ChaosModularVehicle","0.1","1","engine_inventory_not_project_enablement","Engine/Plugins/Experimental/ChaosModularVehicle/ChaosModularVehicle.uplugin",,,"False","False","True","f9ec8c25a3046cb451908452365dcc77f1ccfe08ce6d983469448720a429c6b9"
"ChaosModularVehicleExamples","1.0","1","engine_inventory_not_project_enablement","Engine/Plugins/Experimental/ChaosModularVehicleExamples/ChaosModularVehicleExamples.uplugin",,"False","False","True","False","02692aa0f9ad81c6f7f78847e9cda9412a5f70c6583f5ed94e7c67285384ad41"
"ChaosMover","1.0","1","engine_inventory_not_project_enablement","Engine/Plugins/Experimental/ChaosMover/ChaosMover.uplugin",,,"False","False","True","bad4926f24a445b0fd673d1843f33e9a1004d44372a3ec47750eb2941a25edb9"
"ChaosNiagara","0.1","1","engine_inventory_not_project_enablement","Engine/Plugins/Experimental/ChaosNiagara/ChaosNiagara.uplugin",,"True","False","True",,"f7dc3bf237402fd7745e00aece88bdf358613b57fcaf34f00176364078793cb1"
"ChaosOutfitAsset","0.1","1","engine_inventory_not_project_enablement","Engine/Plugins/ChaosOutfitAsset/ChaosOutfitAsset.uplugin",,"False","False","True",,"6a0393ccfdee31abcac176e46eb092e2a816d76007b3ebb63897ddfd7c351e0a"
"ChaosRigidAsset","0.1","1","engine_inventory_not_project_enablement","Engine/Plugins/Experimental/ChaosRigidAsset/ChaosRigidAsset.uplugin",,"False","False","False","True","abb7d2c55c8318b375f9d516cc605afd93b7d815d314966c27e9e1ad2727d63a"
"ChaosRigidPhysicsAsync","0.1","0.1","engine_inventory_not_project_enablement","Engine/Plugins/Experimental/ChaosRigidPhysicsAsync/ChaosRigidPhysicsAsync.uplugin",,"False","False","False","True","4fb8ad2d19f89e1e108e79e044b6ea3fa3d535734b7e26f619f27f475ebcf417"
"ChaosSolverPlugin","0.1","1","engine_inventory_not_project_enablement","Engine/Plugins/Experimental/ChaosSolverPlugin/ChaosSolverPlugin.uplugin",,"True","False","True",,"7ebd3e4d841fa5d29895a95f3878f6b5730d3b8008fe977b98ce322156b49ccc"
"ChaosUserDataPT","1.0","1","engine_inventory_not_project_enablement","Engine/Plugins/Experimental/ChaosUserDataPT/ChaosUserDataPT.uplugin",,"True","False","True",,"b489405bdb110ed1c968f634b8cf3be55f71f972a49722236ba99b1db1955181"
"ChaosVD","0.1","1","engine_inventory_not_project_enablement","Engine/Plugins/ChaosVD/ChaosVD.uplugin",,"True","False","True","False","1339824e6e21192ac2786a3bc1ee49c16b6cf4a148da820b713c200e2270fbe1"
"ChaosVehiclesPlugin","1.0","1","engine_inventory_not_project_enablement","Engine/Plugins/Experimental/ChaosVehiclesPlugin/ChaosVehiclesPlugin.uplugin",,"False","False","False","True","d63758b00154df3cb930c885967ddaa3747ba7b941e5ed0c10af6a502c6857cd"
"CharacterAI","0.1","1","engine_inventory_not_project_enablement","Engine/Plugins/Experimental/CharacterAI/CharacterAI.uplugin",,"True","False","True",,"3d4598818de5fe0dffc800c64acd02d9690221a4bcc98a621602f3a139efce7e"
"Chooser","1.0","1","engine_inventory_not_project_enablement","Engine/Plugins/Chooser/Chooser.uplugin",,"False","False",,,"5b49b5460b333a83ad5a2c768c2e71fa3fe84d1a255a305cff67b50b6190ad58"
"ChunkDownloader","1.0","1","engine_inventory_not_project_enablement","Engine/Plugins/Runtime/ChunkDownloader/ChunkDownloader.uplugin",,"True",,,,"377d1f84c6d97d4afbd57e98674378652a001c7bc9861998584c9e5dfee5736e"
"CineCameraRigs","1.0","1","engine_inventory_not_project_enablement","Engine/Plugins/Experimental/CineCameraRigs/CineCameraRigs.uplugin",,"False","False","True",,"503f9bc7b63880b4b4517c105dead0709165d01bac39422b142da0b9eab349fb"
"CineCameraSceneCapture","1.0","1","engine_inventory_not_project_enablement","Engine/Plugins/Experimental/CineCameraSceneCapture/CineCameraSceneCapture.uplugin",,"False","False","False","True","a0df095c69982a3a3ae42f0736585c61c4b65e2c7957ec9d83696780a8f48448"
"CinematicAssemblyTools","1.0","1","engine_inventory_not_project_enablement","Engine/Plugins/VirtualProduction/CinematicAssemblyTools/CinematicAssemblyTools.uplugin",,,"False","False","True","fd86e3de40dfe5c67c659dc3f237d3de3f5f2f05afba4ee40c4959a827aeb4cd"
"CinematicPrestreaming","1.0","1","engine_inventory_not_project_enablement","Engine/Plugins/MovieScene/CinematicPrestreaming/CinematicPrestreaming.uplugin",,,"False","True",,"74079c8f8d7b3c4f91851f335010b8d4f6baec0804b3ff5fa670d4701f56c732"
"CinematicSequenceNavigator","1.0","1","engine_inventory_not_project_enablement","Engine/Plugins/Experimental/CinematicSequenceNavigator/CinematicSequenceNavigator.uplugin",,"False","False","False","True","35c6e0f9bf488601cfb09cc7dfd89aeeec980457578645318f461505a07d0247"
"CLionSourceCodeAccess","2.0","2","engine_inventory_not_project_enablement","Engine/Plugins/Developer/CLionSourceCodeAccess/CLionSourceCodeAccess.uplugin",,"True","False","False",,"a5550fbbfb1a43a34fbd5b86a66e7a2d15e6f018447929d3eb795ef0b4f23938"
"ClonerEffector","1.0","1","engine_inventory_not_project_enablement","Engine/Plugins/VirtualProduction/ClonerEffector/ClonerEffector.uplugin",,,"False",,,"9f2484a59eb8872e7036ee888a3f3490217b3070a3eeb40644f0a3e6a13c1d2b"
"CmdLinkServer","1.0","1","engine_inventory_not_project_enablement","Engine/Plugins/CmdLinkServer/CmdLinkServer.uplugin",,"True","False","False","False","99d86f63b8cfe159a66985e62311c40dfdc299e276c51b53a3fecef9f2ff1d7e"
"CodeEditor","0.1","1","engine_inventory_not_project_enablement","Engine/Plugins/Experimental/CodeEditor/CodeEditor.uplugin",,"False","False","True",,"05a8bc25c25b439bfc3420b9029db689f6ce58579e3e5286e5f47cad2be904f5"
"CodeLiteSourceCodeAccess","1.0","1","engine_inventory_not_project_enablement","Engine/Plugins/Developer/CodeLiteSourceCodeAccess/CodeLiteSourceCodeAccess.uplugin",,"True","False","True",,"5317e46f03ed91d16d607aca62e7174c89dea3f2eb46a7b61bcb8278024bdf2d"
"CodeView","1.0","1","engine_inventory_not_project_enablement","Engine/Plugins/Experimental/CodeView/CodeView.uplugin",,"False","False","False",,"fa846736bc408bf6bc8a06a12ef78046032e87d07c83433c63ed30fb6d598c2f"
"ColorCorrectRegions","1.0","1","engine_inventory_not_project_enablement","Engine/Plugins/Experimental/ColorCorrectRegions/ColorCorrectRegions.uplugin",,,"False","False","False","3bc92d2ab343bd2b43e09dbda999101787ef769b795525d58a52bba40b16fb7b"
"ColorGrading","1.0","1","engine_inventory_not_project_enablement","Engine/Plugins/Editor/ColorGrading/ColorGrading.uplugin",,"True",,"False",,"96ac3594f9a020969c09c562c83ad4f040d69963593b1f0b32126053f46f1d4e"
"CommonConversation","0.1","1","engine_inventory_not_project_enablement","Engine/Plugins/Experimental/CommonConversation/CommonConversation.uplugin",,"False","False",,"True","208e4295018329330c67c65b96def30a2e9e4e9eeaecd80aebbd1e0f42815143"
"CommonUI","1.0","1","engine_inventory_not_project_enablement","Engine/Plugins/Runtime/CommonUI/CommonUI.uplugin",,"False","False","False",,"b1b03df42da5564bb0009733d0578f919c777c2ab3c35d0fdcd977517c8b69e9"
"Composite","1.1","1","engine_inventory_not_project_enablement","Engine/Plugins/Compositing/Composite/Composite.uplugin",,"False","False","True","False","7f1d15a2629be69276f58387fcf8e7ff817bb40197b03ae8d8d00b74dbf3d5e7"
"CompositeCore","1.1","1","engine_inventory_not_project_enablement","Engine/Plugins/Compositing/CompositeCore/CompositeCore.uplugin",,"False","False","True","False","d28ec1448d1652d3911904270a97c08e89c6903db78ce5a745acb3caec30fac7"
"CompositePlane","1.0","1","engine_inventory_not_project_enablement","Engine/Plugins/VirtualProduction/CompositePlane/CompositePlane.uplugin",,,"False","True","False","52d8e2edbd19acaccfd4a82c61540078cb1f442eb47621248153ac438ae9aa91"
"Composure","1.0","1","engine_inventory_not_project_enablement","Engine/Plugins/Compositing/Composure/Composure.uplugin",,"False","False","False",,"0465cc11d3bb51a26a1df665bea5085c29abf5cce0704f3fed3fbf47eab8838b"
"ComposureShared","1.0","1","engine_inventory_not_project_enablement","Engine/Plugins/Compositing/ComposureShared/ComposureShared.uplugin",,"False","False","False","False","8c43221800e856472a2850b703ea566d4100ad1ff46d4a4e5851e1b7c0b74759"
"ComputeFramework","0.9","1","engine_inventory_not_project_enablement","Engine/Plugins/Runtime/ComputeFramework/ComputeFramework.uplugin",,"False","False","True",,"de07291d66daecd86ac62556c452905ad17195c373e79c3048c0a87219a93550"
"ConcertClientSharedSlate","0.1","1","engine_inventory_not_project_enablement","Engine/Plugins/Developer/Concert/ConcertUI/ConcertClientSharedSlate/ConcertClientSharedSlate.uplugin",,"False","False","True",,"28290755f5a3d4606fe6b58f8c34a43e8a835286fcbe910f1501ff3db17df590"
"ConcertInsightsClient","1.0","1","engine_inventory_not_project_enablement","Engine/Plugins/Developer/Concert/ConcertInsights/ConcertInsightsClient/ConcertInsightsClient.uplugin",,,"False","False","True","07272f794f67b53d5eeab600e50c40ba988d502458ddffbb170a9d7df087b9da"
"ConcertInsightsCore","1.0","1","engine_inventory_not_project_enablement","Engine/Plugins/Developer/Concert/ConcertInsights/ConcertInsightsCore/ConcertInsightsCore.uplugin",,,"False","False","True","92415e5456071c76e902aa74019305a5c4f718d612b7ae7dc4b07cb59fe46985"
"ConcertInsightsServer","1.0","1","engine_inventory_not_project_enablement","Engine/Plugins/Developer/Concert/ConcertInsights/ConcertInsightsServer/ConcertInsightsServer.uplugin",,,"False","False","True","d039c5ee3c36d8666687d810931c7eb9404294cf9e140e95a0d334495bbcd734"
"ConcertInsightsVisualizer","1.0","1","engine_inventory_not_project_enablement","Engine/Plugins/Developer/Concert/ConcertInsights/ConcertInsightsVisualizer/ConcertInsightsVisualizer.uplugin",,,"False","False","True","5be8b1bf97a082c999a0d7e4a3feeb0b08f4c7334a0c4c3b4827ae68323d98e5"
"ConcertMain","0.2","1","engine_inventory_not_project_enablement","Engine/Plugins/Developer/Concert/ConcertMain/ConcertMain.uplugin",,"False","False","True",,"09f2ca143c97abbf2364e25921b2c286dc09ccbda40e4f2996046df2c89cd53a"
"ConcertReplicationScripting","1.0","1","engine_inventory_not_project_enablement","Engine/Plugins/Developer/Concert/ConcertScripting/ConcertReplicationScripting/ConcertReplicationScripting.uplugin",,,"False","False","False","67fd206c99fc74bc0a7708fa46beac3ac9e61ff5ff3ce8365281bb3ce98082a2"
"ConcertSharedSlate","0.2","1","engine_inventory_not_project_enablement","Engine/Plugins/Developer/Concert/ConcertUI/ConcertSharedSlate/ConcertSharedSlate.uplugin",,"False","False","True",,"9c045a1340360f0cca8f1ab55d8b6bc70a7cbb6b3b758294002d00dd63cc7cc2"
"ConcertSyncClient","0.2","1","engine_inventory_not_project_enablement","Engine/Plugins/Developer/Concert/ConcertSync/ConcertSyncClient/ConcertSyncClient.uplugin",,"False","False","True",,"830fb2cf206943fb985b95fee3bef88fb31c78f561b9241309b894b4aebc3fe5"
"ConcertSyncCore","0.2","1","engine_inventory_not_project_enablement","Engine/Plugins/Developer/Concert/ConcertSync/ConcertSyncCore/ConcertSyncCore.uplugin",,"False","False","True",,"fbf9bca6ef5d942fa789feba3ad31df8dae952a6192906f1976726811fafb435"
"ConcertSyncServer","0.2","1","engine_inventory_not_project_enablement","Engine/Plugins/Developer/Concert/ConcertSync/ConcertSyncServer/ConcertSyncServer.uplugin",,"False","False","True",,"a9f8bfd33939367b2de06ac92e6bd7db4eeb063108a6d1b9d824e4267f17283c"
"ConcertSyncTest","0.2","1","engine_inventory_not_project_enablement","Engine/Plugins/Developer/Concert/ConcertSync/ConcertSyncTest/ConcertSyncTest.uplugin",,"False","False","True",,"a810f8e2805b7fc99e249b3fe7d63b1126c810aab4cbb80cd64447d262ce792d"
"ConfigSettingsToolset","1.0","1","engine_inventory_not_project_enablement","Engine/Plugins/Experimental/Toolsets/ConfigSettingsToolset/ConfigSettingsToolset.uplugin",,,"False","False","True","a3cd3c6691bbfb73788af51e5baf335166dd2ebb3a054417116f8eccf8f7fc53"
"ConsoleVariables","1.0","1","engine_inventory_not_project_enablement","Engine/Plugins/Editor/ConsoleVariablesEditor/ConsoleVariables.uplugin",,"True","False","False","False","f7db00379844b318cd7d556c5f1378009d7253e879ba99c35e60ecb070abeec9"
"ContentBrowserAliasDataSource","1.0","1","engine_inventory_not_project_enablement","Engine/Plugins/Editor/ContentBrowser/ContentBrowserAliasDataSource/ContentBrowserAliasDataSource.uplugin",,"False","False","True",,"5125bb859e6bb1d75c1434ddad2a07613eb6b689ae39586d7b42bd275ca9637b"
"ContentBrowserAssetDataSource","1.0","1","engine_inventory_not_project_enablement","Engine/Plugins/Editor/ContentBrowser/ContentBrowserAssetDataSource/ContentBrowserAssetDataSource.uplugin",,"True","False","False",,"368cc1dcd0fc2c9e2e9f1fcb1b0066180933f14cb7dd392cc2c4d93f4ad9bbff"
"ContentBrowserClassDataSource","1.0","1","engine_inventory_not_project_enablement","Engine/Plugins/Editor/ContentBrowser/ContentBrowserClassDataSource/ContentBrowserClassDataSource.uplugin",,"True","False","False",,"3113e33a1b4cc7614574d220a289b91ecbad69c0f89c96e68e777ddb1e15f8e1"
"ContentBrowserFileDataSource","1.0","1","engine_inventory_not_project_enablement","Engine/Plugins/Editor/ContentBrowser/ContentBrowserFileDataSource/ContentBrowserFileDataSource.uplugin",,"False","False","False",,"18abd531ee9283f01c9cbd6034dad8eaf4c1e409addb4e0a64955b5c66445a28"
"ContextualAnimation","0.1","1","engine_inventory_not_project_enablement","Engine/Plugins/Experimental/Animation/ContextualAnimation/ContextualAnimation.uplugin",,"False","False","False","True","45b56a275baa9d425bca23514ec9115ade49cf0fba566f32934cc770dd8c2fb2"
"ControlFlows","1.0","1","engine_inventory_not_project_enablement","Engine/Plugins/Experimental/ControlFlows/ControlFlows.uplugin",,,"False","False","False","470bff5f858700b8d39d5b8350cb3e31aba1167857feccbaf722f3d78c88af5c"
"ControlRig","1.0","1","engine_inventory_not_project_enablement","Engine/Plugins/Animation/ControlRig/ControlRig.uplugin",,"True","False",,,"a5470e0aa54d21f3226cb086e017ad6376414167f3d897e0a39fecd2729f6fbf"
"ControlRigDynamics","1.0","1","engine_inventory_not_project_enablement","Engine/Plugins/Experimental/ControlRigDynamics/ControlRigDynamics.uplugin",,,"False","False","True","d86addfad4873c440a327e7ee32dddeae10fab34113e46947411d4265f82c569"
"ControlRigModules","1.0","1","engine_inventory_not_project_enablement","Engine/Plugins/Animation/ControlRigModules/ControlRigModules.uplugin",,"True","False","True","False","3d3d3c3b58d9af9de09232cd0be44e1548db26024e921d077719e6d3bb449006"
"ControlRigPhysics","1.0","1","engine_inventory_not_project_enablement","Engine/Plugins/Experimental/ControlRigPhysics/ControlRigPhysics.uplugin",,"True","False","True","False","37e292027859001d036afbaee2a4c901095430847ba718b3bf744481ea88b09c"
"ControlRigSpline","1.0","1","engine_inventory_not_project_enablement","Engine/Plugins/Animation/ControlRigSpline/ControlRigSpline.uplugin",,"True","False","True","False","07ffa1d23e9e4c8686ded5b7855a1fa3b185d434c2429443a8cc0b3afe3ee8a9"
"ConversationToolset","1.0","1","engine_inventory_not_project_enablement","Engine/Plugins/Experimental/Toolsets/ConversationToolset/ConversationToolset.uplugin",,"False","False","False","True","249808ab0736000e0183687492447ce206b3127bf52863e3a429ca5210c91c13"
"CQTest","1.0","1","engine_inventory_not_project_enablement","Engine/Plugins/Tests/CQTest/CQTest.uplugin",,,"False","False",,"f42215e6816f8eae0ba7295626fd67c752a3583df4374e613937d214d3456b72"
"CQTestEnhancedInput","1.0","1","engine_inventory_not_project_enablement","Engine/Plugins/Tests/CQTestEnhancedInput/CQTestEnhancedInput.uplugin",,,"False","True",,"a0ec32853fff30762453be9f81238b73f397286982c06fe352f6bb90b3e85d87"
"CQTestExperimental","1.0","1","engine_inventory_not_project_enablement","Engine/Plugins/Tests/CQTestExperimental/CQTestExperimental.uplugin",,,"False","False","True","cc77a4f95222274454319ef70960a3c41eb6e8dc22954d1b802cda5bc6877ecd"
"CryptoKeys","1.0","1","engine_inventory_not_project_enablement","Engine/Plugins/Editor/CryptoKeys/CryptoKeys.uplugin",,"True","False","False",,"d27f228b2c337fc7454d4e7e20edd248d4c79ffa921ab124e013b3b77cfe4ff7"
"CurveEditorTools","1.0","1","engine_inventory_not_project_enablement","Engine/Plugins/Editor/CurveEditorTools/CurveEditorTools.uplugin",,"True","False","False",,"818b3f798677d6e0148bdeda374053c0dd1cf6c8d8fdf733a4966d5562557f85"
"CurveExpression","0.1","1","engine_inventory_not_project_enablement","Engine/Plugins/Experimental/Animation/CurveExpression/CurveExpression.uplugin",,"False","False","False","True","ed7ad6e96824b80f00cc6481539f90cbb1d719eca122dc43c13f987b5cece246"
"CustomDetailsView","1.0","1","engine_inventory_not_project_enablement","Engine/Plugins/VirtualProduction/CustomDetailsView/CustomDetailsView.uplugin",,,"False",,,"e3fca968e4ccd374cf6133b01d99ba07ac504073b15d3f7958bd25547535b07d"
"CustomizableSequencerTracks","0.1","1","engine_inventory_not_project_enablement","Engine/Plugins/MovieScene/CustomizableSequencerTracks/CustomizableSequencerTracks.uplugin",,"False","False","True",,"c0bf225bafd899bb684281c1b07e84b6e51a03f145b4e95f879a408fdc0231d4"
"CustomMeshComponent","1.0","1","engine_inventory_not_project_enablement","Engine/Plugins/Runtime/CustomMeshComponent/CustomMeshComponent.uplugin",,"True","False","False",,"9383074814c91d07f82a26d6dd797294b5d702033a3bab967399308306f03765"
"D3D12VideoDecodersElectra","0.1","1","engine_inventory_not_project_enablement","Engine/Plugins/Media/D3D12VideoDecodersElectra/D3D12VideoDecodersElectra.uplugin",,"False","False","False","False","857336ab8ccd6c323e3c27172041782a15716315db7f97117a00ecb64648f315"
"DatabaseSupport","1.0","1","engine_inventory_not_project_enablement","Engine/Plugins/Runtime/Database/DatabaseSupport/DatabaseSupport.uplugin",,"False","False","False",,"f91fd4586d09fa6d685a2f9709d4111bf709578d37d538c2a7053a1914df9ba6"
"DataCharts","1.0","1","engine_inventory_not_project_enablement","Engine/Plugins/VirtualProduction/DataCharts/DataCharts.uplugin",,,"False","True","False","073bc026f67fc1228d4621e40bc1e4bf38a84e7b6dd254047a582dba7580630b"
"Dataflow","0.1","1","engine_inventory_not_project_enablement","Engine/Plugins/Dataflow/Dataflow.uplugin",,"True","False",,,"7b2eccae90051f199ef85ea13a8920535f89df339643545390213bb54133d2c4"
"DataflowAgent","1.0","1","engine_inventory_not_project_enablement","Engine/Plugins/Experimental/Toolsets/DataflowAgent/DataflowAgent.uplugin",,"False","False","False","True","f1efc1e94d6cf4922b8881b61530bedc354272938de087d2dda776f55ba50898"
"DataflowVolumetricPlugin","0.1","1","engine_inventory_not_project_enablement","Engine/Plugins/DataflowVolumetricPlugin/DataflowVolumetricPlugin.uplugin",,,"False","False",,"f6a13657667803f07267e86e911681bbbf3837558333c8d09830d18a55066c21"
"DataLink","1.0","1","engine_inventory_not_project_enablement","Engine/Plugins/VirtualProduction/DataLink/DataLink.uplugin",,,"False","True","False","5297e06c8a5faf3fd4d2897a0f7f60fe4aceeeb75871b6fcce3803875cc373a1"
"DataLinkOAuth","1.0","1","engine_inventory_not_project_enablement","Engine/Plugins/VirtualProduction/DataLinkOAuth/DataLinkOAuth.uplugin",,,"False","True","False","2b373d8ef26e3730cd86ebc9d4a85d6274895a06b5486fb0512ae9d38b46d2a4"
"DataprepEditor","1.0","1","engine_inventory_not_project_enablement","Engine/Plugins/Enterprise/DataprepEditor/DataprepEditor.uplugin",,"False","False","False","False","ec3aa1f85801839da05e04b829be4585c61fe54aa5dedb2b1db42bc95209c5a6"
"DataprepGeometryOperations","0.1","1","engine_inventory_not_project_enablement","Engine/Plugins/Experimental/Enterprise/DataprepGeometryOperations/DataprepGeometryOperations.uplugin",,"False","False","True",,"a846ffb6bb6bfef283ce874f54e8179881dd9daf5e2bd1348acdf9042ba9a71f"
"DataRegistry","0.1","1","engine_inventory_not_project_enablement","Engine/Plugins/Runtime/DataRegistry/DataRegistry.uplugin",,"False","False","True",,"38c368adc0445994cf163fb030e63b46511724bc5732f16f95ef607669fa9840"
"DataRegistryToolset","1.0","1","engine_inventory_not_project_enablement","Engine/Plugins/Experimental/Toolsets/DataRegistryToolset/DataRegistryToolset.uplugin",,"False","False","False","True","a8df180e4bb432d39e329aa7fcf61d6bed460c002337885d9b3e43ca06de1c86"
"DatasmithC4DImporter","1.1","2","engine_inventory_not_project_enablement","Engine/Plugins/Enterprise/DatasmithC4DImporter/DatasmithC4DImporter.uplugin",,"False","False","False",,"8c12c28623e6dc814c135002b2d603aa222f0f912b75523a3f22853b7faa25ad"
"DatasmithCADImporter","1.0","1","engine_inventory_not_project_enablement","Engine/Plugins/Enterprise/DatasmithCADImporter/DatasmithCADImporter.uplugin",,"False","False","False",,"2a69251f1b064ecb570c58fc0957cb8d38b68015bc7172cbff1ceb848a2c1a34"
"DatasmithContent","1.0","1","engine_inventory_not_project_enablement","Engine/Plugins/Enterprise/DatasmithContent/DatasmithContent.uplugin",,"True","False","False",,"d3782f61d24952626c277e9401d60fe55c6fe157815afcdfca730659f212da89"
"DatasmithFBXImporter","1.0","1","engine_inventory_not_project_enablement","Engine/Plugins/Enterprise/DatasmithFBXImporter/DatasmithFBXImporter.uplugin",,"False","False","False",,"54a78edca34abf8b3fa6f28fbf91c54b3902c1ee9aecd3825eecced49dc0aa1f"
"DatasmithImporter","1.0","1","engine_inventory_not_project_enablement","Engine/Plugins/Enterprise/DatasmithImporter/DatasmithImporter.uplugin",,"False","False","False",,"23f0d502fa94749fe54ed6360915285af7b67b6fa414f4cfa2ef6ed54f59038c"
"DatasmithInterchange","1.0","1","engine_inventory_not_project_enablement","Engine/Plugins/Experimental/Enterprise/DatasmithInterchange/DatasmithInterchange.uplugin",,"False","False","False","True","8721be7f2920a6e546d0573d9259b0a2a53f4ecee4481c6728295af8c8fd39ce"
"DatasmithMVR","1.0","1","engine_inventory_not_project_enablement","Engine/Plugins/VirtualProduction/DMX/DatasmithMVR/DatasmithMVR.uplugin",,,,"False",,"dde8866d3c5e9c237a8447fb8a870fc1dc6a5a2bb95c8472fd7d51bc15c9a9f0"
"DatasmithRuntime","1.0","1","engine_inventory_not_project_enablement","Engine/Plugins/Experimental/Enterprise/DatasmithRuntime/DatasmithRuntime.uplugin",,,"False","True",,"0fb374678d710e304765f7b8c0c172d55b52889cf7e24caf29d650a2ae3a43be"
"DataValidation","1.0","1","engine_inventory_not_project_enablement","Engine/Plugins/Editor/DataValidation/DataValidation.uplugin",,"True","False","False",,"d0d847d443bd29d92aa16f3f8a6cd7f2776a042bd2140a8e6242650681600ce2"
"DaySequence","1.0","1","engine_inventory_not_project_enablement","Engine/Plugins/Experimental/DaySequence/DaySequence.uplugin",,"False","False","False","True","4af46d391ee0c7e75e7953b584271f4cca67fc569f20c26e43963561a60a022c"
"DefaultInstallBundleManager","1.0","1","engine_inventory_not_project_enablement","Engine/Plugins/Experimental/DefaultInstallBundleManager/DefaultInstallBundleManager.uplugin",,"False","False","False",,"204b1297916b7c02a11202b12f703ec15fa11f9cdeee82be212e274412f768ee"
"DeformerGraph","0.9","1","engine_inventory_not_project_enablement","Engine/Plugins/Animation/DeformerGraph/DeformerGraph.uplugin",,"False","False","True",,"d05be63a5625889c62d46c4c6185cdaa91d748480134d4fc25155a1dfb5fa6fc"
"DerivedDataBuildController","0.1","1","engine_inventory_not_project_enablement","Engine/Plugins/DerivedDataBuildController/DerivedDataBuildController.uplugin",,"True","False","False","True","71277cc12830dec12a2697dccc22d8caffc92a213a94f91971b7fccb6e089bfc"
"DetailPoseModel","0.1","1","engine_inventory_not_project_enablement","Engine/Plugins/Experimental/Animation/MLDeformer/DetailPoseModel/DetailPoseModel.uplugin",,,"False","False","True","7750f8b03ff61f3cd93776d96d42cd545112124abd7aa15409d208a57a27ca7d"
"DirectMeshControl","1.0","1","engine_inventory_not_project_enablement","Engine/Plugins/Experimental/Animation/DirectMeshControl/DirectMeshControl.uplugin",,"False","False","False","True","f7738d68af54704d2173f0a75a8878132c73e538823dfb748c27cc1f3822756f"
"DirectoryPlaceholder","1.0","1","engine_inventory_not_project_enablement","Engine/Plugins/Developer/DirectoryPlaceholder/DirectoryPlaceholder.uplugin",,,"False","False","True","9182458032c150782fecb5cd73cc42e323a5897bdee68096b3389ce26a666fab"
"DisasterRecoveryClient","0.2","1","engine_inventory_not_project_enablement","Engine/Plugins/Developer/Concert/ConcertApp/DisasterRecoveryClient/DisasterRecoveryClient.uplugin",,"False","False","True",,"b393688cba255494f6eaeebad7492cc389fbe080a7d95b58fc53a62a7729d5af"
"DiscoveryBeaconReceiver","1.0","1","engine_inventory_not_project_enablement","Engine/Plugins/DiscoveryBeaconReceiver/DiscoveryBeaconReceiver.uplugin",,,"False","False","False","863530f92c4bef71c396199d759b9b4c0fc3afadd6d2301cdf8bc23cabe52db3"
"DisplayClusterLaunch","1.0","1","engine_inventory_not_project_enablement","Engine/Plugins/Editor/DisplayClusterLaunch/DisplayClusterLaunch.uplugin",,"False","False","True","False","14bb18a1b81229ddb089a9059cbe052ca5d8429a872c2c676bcf1b49fe6856fa"
"DMXControlConsole","1.0","1","engine_inventory_not_project_enablement","Engine/Plugins/VirtualProduction/DMX/DMXControlConsole/DMXControlConsole.uplugin",,,"False","False","False","a1c07d060ac5533d5336594851c1891384295d41a15aa126567b6a6527ded565"
"DMXDisplayCluster","1.0","1","engine_inventory_not_project_enablement","Engine/Plugins/VirtualProduction/DMX/DMXDisplayCluster/DMXDisplayCluster.uplugin",,,,"False",,"1e8074f64d50e40247eba8ecda4e924ce2c61b031954124cd7ffc4ed47049cdf"
"DMXEngine","1.0","1","engine_inventory_not_project_enablement","Engine/Plugins/VirtualProduction/DMX/DMXEngine/DMXEngine.uplugin",,,,"False",,"95ebbe4235d91c8caddb600ebd5501fea42d953461ec84cb227cb264674b5a62"
"DMXFixtures","1.0","1","engine_inventory_not_project_enablement","Engine/Plugins/VirtualProduction/DMX/DMXFixtures/DMXFixtures.uplugin",,,"False","False","False","66be894dab21b396183613e7f399fab8a6aa56ccfcb32a258bf79f70bfbee24f"
"DMXGDTF","1.0","1","engine_inventory_not_project_enablement","Engine/Plugins/VirtualProduction/DMX/DMXGDTF/DMXGDTF.uplugin",,,,"False","False","5132100186cff7d5b234454b32c003ade8ccaad853f2f62f002ce3bc1f408521"
"DMXModularFeatures","1.0","1","engine_inventory_not_project_enablement","Engine/Plugins/VirtualProduction/DMX/DMXModularFeatures/DMXModularFeatures.uplugin",,,"False","False",,"05437b881c4c5d0187fc60bca71a8eb74f5a69e500c8c13ef1668b95de79e71a"
"DMXPixelMapping","1.0","1","engine_inventory_not_project_enablement","Engine/Plugins/VirtualProduction/DMX/DMXPixelMapping/DMXPixelMapping.uplugin",,,"False","False","False","e457facc777e63d542e6017a29144db6cf3bbc1bd8b61ec5ce7c724007a98dcc"
"DMXProtocol","1.0","1","engine_inventory_not_project_enablement","Engine/Plugins/VirtualProduction/DMX/DMXProtocol/DMXProtocol.uplugin",,,,"False",,"b6fb2e57f541bba9a2af166ab0ed3c3cbbbf80ef7c2a19dcbf6ea8e366e5fada"
"DNACalib","6.16.3","6.16","engine_inventory_not_project_enablement","Engine/Plugins/Animation/DNACalib/DNACalib.uplugin",,,"False","False","False","69827895c7f1b4d345970c774610a4d6bd2044893660d06c9641531c67980399"
"DrawDebugLibrary","0.1","1","engine_inventory_not_project_enablement","Engine/Plugins/Experimental/DrawDebugLibrary/DrawDebugLibrary.uplugin",,"False","False","False","True","fa5b3bf2a6d2aaa58a1b9e5b0dc56f9dc83d7e7644b462717fca426ed9002953"
"DTLSHandlerComponent","1.0","1","engine_inventory_not_project_enablement","Engine/Plugins/Runtime/PacketHandlers/DTLSHandlerComponent/DTLSHandlerComponent.uplugin",,"False","False",,"True","fb28c89934f676e3c209d48cd866225cd4e37266474d1f688cd6e4d5e0befe8b"
"DummyMeshReconstructor","1.0","1","engine_inventory_not_project_enablement","Engine/Plugins/Runtime/MeshReconstruction/DummyMeshReconstructor/DummyMeshReconstructor.uplugin",,"False","False","True",,"77f411154cfeafe876a6214959bfcfd07abcb858bbf8350a40804fa4862441b6"
"DumpGPUServices","1.0","1","engine_inventory_not_project_enablement","Engine/Plugins/Developer/DumpGPUServices/DumpGPUServices.uplugin",,"True","False","False","True","c250484923a267a4bbfb14415e653b994454028c825e6b0e9c85495b4d747328"
"DynamicMaterial","1.0","1","engine_inventory_not_project_enablement","Engine/Plugins/VirtualProduction/DynamicMaterial/DynamicMaterial.uplugin",,,"False",,,"030a087e29e8c86415b7899bb23ddb695e82fcf648e153cfffac7745dd0ad2dd"
"DynamicMaterialMediaStreamBridge","1.0","1","engine_inventory_not_project_enablement","Engine/Plugins/Experimental/DynamicMaterialMediaStreamBridge/DynamicMaterialMediaStreamBridge.uplugin",,,"False","False","True","247d975f647f599e2c22d44553e442c76bf46d0203e10b9f5f9ee75fe66a7605"
"DynamicWind","0.1","1","engine_inventory_not_project_enablement","Engine/Plugins/Experimental/DynamicWind/DynamicWind.uplugin",,"False","False",,"True","540d34955c2ac0cc9b6cd73775b9a1416fa2742a8c73165b439ca26b3c536a87"
"EaseCurveTool","1.0","1","engine_inventory_not_project_enablement","Engine/Plugins/Animation/EaseCurveTool/EaseCurveTool.uplugin",,"True","False","True","False","48dc4f5371cc302c4c6b63bb5052e26cc8bf364d57c810745589bd229a18b2a7"
"EditorDataStorage","0.1","1","engine_inventory_not_project_enablement","Engine/Plugins/Experimental/EditorDataStorage/EditorDataStorage.uplugin",,"True","False","False","True","21e6e33471eafe680c1e5531d15b76e7bc95ee20600ac7f692b7fb7e7bd3058a"
"EditorDataStorageFeatures","0.1","1","engine_inventory_not_project_enablement","Engine/Plugins/Experimental/EditorDataStorageFeatures/EditorDataStorageFeatures.uplugin",,,"False","False","True","815493cacb85b48f377546d17d43386f8b8ef5a43fb08b1fdc585ab0c6c17604"
"EditorDebugTools","1.0","1","engine_inventory_not_project_enablement","Engine/Plugins/Editor/EditorDebugTools/EditorDebugTools.uplugin",,"True","False","False","False","216c6623979762c3a6de1f15c2b45b924e46c8999a6ae2cdd7c33cd707690430"
"EditorPerformance","1.0","1","engine_inventory_not_project_enablement","Engine/Plugins/Experimental/EditorPerformance/EditorPerformance.uplugin",,"True","False","False",,"6d83f31694ec169a2c2d33cf0f4a2933f94aa74e5e534c88380bca75a6f25bf4"
"EditorScriptingUtilities","1.0","1","engine_inventory_not_project_enablement","Engine/Plugins/Editor/EditorScriptingUtilities/EditorScriptingUtilities.uplugin",,"False","False","True",,"5dc2406f1bb6150deccac3a4445d3a7be5f4037f9f0b4ae0dd1803b176e94c3f"
"EditorSysConfigAssistant","0.1","1","engine_inventory_not_project_enablement","Engine/Plugins/Editor/EditorSysConfigAssistant/EditorSysConfigAssistant.uplugin",,"False","False","False","True","f422f3e69b54c45b5a8107d622ede23cccfd7e0a848cca96970139b34dcea66d"
"EditorTelemetry","1.0","1","engine_inventory_not_project_enablement","Engine/Plugins/Experimental/EditorTelemetry/EditorTelemetry.uplugin",,"True","False","False",,"6b5f3721b2aec04e9300a085600965f34c890cdb0604886e7ba0b65f8335cdd9"
"EditorTests","1.0","1","engine_inventory_not_project_enablement","Engine/Plugins/Tests/EditorTests/EditorTests.uplugin",,"False","False","False",,"18fd1b92bb84c7a1612cc6a2e65fdacb73216603e587f01b30fbef24c50a32b9"
"EditorToolset","1.0","1","engine_inventory_not_project_enablement","Engine/Plugins/Experimental/Toolsets/EditorToolset/EditorToolset.uplugin",,,"False","False","True","69b060160d9b8e57d8e10b611ecea7f572191ced9a7fc4788b447abc3fea9f98"
"EditorTRSGizmo","1.0","1","engine_inventory_not_project_enablement","Engine/Plugins/Experimental/EditorTRSGizmo/EditorTRSGizmo.uplugin",,"True","False","False","True","b019cac5ef92db59b479d310477870afd116b8ac5b0b50340a134d645e6699c4"
"ElectraCDM","1.0","1","engine_inventory_not_project_enablement","Engine/Plugins/Media/ElectraCDM/ElectraCDM.uplugin",,"False","False","False",,"fc4c702d99483c10a8515901c9c0d2d70b82d60ea01a935837d72171d0da1ff2"
"ElectraCodecs","1.0","1","engine_inventory_not_project_enablement","Engine/Plugins/Media/ElectraCodecs/ElectraCodecs.uplugin",,"False","False","False",,"4123fbed645a7cbad5f8f7001c3ad34dc7e3fdeb485b0019b27586ca20626bd0"
"ElectraPlayer","1.0","1","engine_inventory_not_project_enablement","Engine/Plugins/Media/ElectraPlayer/ElectraPlayer.uplugin",,"False","False","False",,"4ace7970fc16b53269abcffdb3d5d67cdf9f57ea8e7fd3215cff741d8e964101"
"ElectraSubtitles","1.0","1","engine_inventory_not_project_enablement","Engine/Plugins/Media/ElectraSubtitles/ElectraSubtitles.uplugin",,"False","False","False",,"d95065451944403c5d9ae01ee7a5ba4d66ba5db794b09bf5748bee74a0ab7d17"
"ElectraUtil","1.0","1","engine_inventory_not_project_enablement","Engine/Plugins/Media/ElectraUtil/ElectraUtil.uplugin",,"False","False","False",,"1fa2fae0c7f9959a57280c8269eff6ecd3441d9b18a7864fae6985b4de90e045"
"EngineAssetDefinitions","1.0","1","engine_inventory_not_project_enablement","Engine/Plugins/Editor/EngineAssetDefinitions/EngineAssetDefinitions.uplugin",,"True","False","False","False","aaeb5b57fbac2af2f4d72ca5c0a73cad9913d680999da741b2117336d28bc687"
"EngineCameras","0.1","1","engine_inventory_not_project_enablement","Engine/Plugins/Cameras/EngineCameras/EngineCameras.uplugin",,"True","False",,,"5019a09af69364bd393da60a73f8871b2f6d3c19b4b1c6612ddf273a6e1f0db3"
"EnhancedInput","1.0","1","engine_inventory_not_project_enablement","Engine/Plugins/EnhancedInput/EnhancedInput.uplugin",,"True","False","False",,"6bcbbfefeb6309db8fa805cd758250780d8cbaf2ca0092760c5fd9be921901ff"
"EnvironmentQueryEditor","1.0","1","engine_inventory_not_project_enablement","Engine/Plugins/AI/EnvironmentQueryEditor/EnvironmentQueryEditor.uplugin",,"True","False",,,"0581e63257e0540d551f96e7a22600c7673f5543c81f892c26e64a89b061448b"
"EOSOverlayInputProvider","1.0","1","engine_inventory_not_project_enablement","Engine/Plugins/Online/EOSOverlayInputProvider/EOSOverlayInputProvider.uplugin",,"False",,,,"c370058645ff585b2c8f915fabfbcb5584c04bf566074655f1b612964a8dc75a"
"EOSShared","1.0","1","engine_inventory_not_project_enablement","Engine/Plugins/Online/EOSShared/EOSShared.uplugin",,"False",,,,"035e6d52e89f44357c3e330c380277805bd1e742d8e3df19df121f81fcfd55ef"
"EOSVoiceChat","1.0","1","engine_inventory_not_project_enablement","Engine/Plugins/Online/VoiceChat/EOSVoiceChat/EOSVoiceChat.uplugin",,"False",,,,"f761911509b9a66f773668e51d590895a2f9a50fad2cd65fa5b9c18faabe213d"
"EpicStageApp","1.0","1","engine_inventory_not_project_enablement","Engine/Plugins/VirtualProduction/EpicStageApp/EpicStageApp.uplugin",,,"False","True","False","bb7a1b196864e21ad384d2b0ea315be5a5cd69040fe1b4582bb72cac81aca393"
"EvaluationNotifies","0.1","1","engine_inventory_not_project_enablement","Engine/Plugins/Experimental/EvaluationNotifies/EvaluationNotifies.uplugin",,"False","False","False","True","df637367bf2ba26220e4ba0f953b5e7ff43083ca5fd6217dbc280b13029478f8"
"ExampleCharacterFXEditor","0.1","1","engine_inventory_not_project_enablement","Engine/Plugins/Experimental/CharacterFXEditor/ExampleCharacterFXEditor/ExampleCharacterFXEditor.uplugin",,,"False",,"True","ddcf5558a97b7fe4b28de54b5479d4a0c0f34e908b612085c60c6b90956864ad"
"ExampleCustomDataInterface","1.0","1","engine_inventory_not_project_enablement","Engine/Plugins/FX/ExampleCustomDataInterface/ExampleCustomDataInterface.uplugin",,,"False","False","False","d86246b674748e1d094eeb3bddae8088aef439838298b43afe492b76dfcdbc91"
"ExampleDeviceProfileSelector","1.0","1","engine_inventory_not_project_enablement","Engine/Plugins/Runtime/ExampleDeviceProfileSelector/ExampleDeviceProfileSelector.uplugin",,"True","False","False",,"d935f3ffbf62a4c8402baa3addd75840baf74e142d40e0c2eda4584a57bec163"
"ExternalGPUStatistics","1.0","1","engine_inventory_not_project_enablement","Engine/Plugins/Runtime/ExternalGPUStatistics/ExternalGPUStatistics.uplugin",,"False","False","False","True","c5dcdc4d677229df9eae3176fdb513fd2d3f4d23af8ccc9ab0fc85cebfa5aaef"
"Fab","0.0.17","17","engine_inventory_not_project_enablement","Engine/Plugins/Fab/Fab.uplugin","5.8.0","True",,,,"882bc39e07acdc2be8c869c87f74b8e9afab62becc503d8ca9a3f86512d65b5c"
"FacialAnimation","1.0","1","engine_inventory_not_project_enablement","Engine/Plugins/Editor/FacialAnimation/FacialAnimation.uplugin",,"True","False","True",,"52939df44dec1b1747879415c44195b69796b3f782e59808ff19e85c7fcaf8f6"
"FastBuildController","0.1","1","engine_inventory_not_project_enablement","Engine/Plugins/FastBuildController/FastBuildController.uplugin",,"False","False","False",,"f3a078564c6c5cf7fcdf207881ebc8e2663bc32657c82983b3c1ec8821cd93e1"
"FastGeoStreaming","0.1","1","engine_inventory_not_project_enablement","Engine/Plugins/Experimental/FastGeoStreaming/FastGeoStreaming.uplugin",,"False","False","False","True","55f5d18135196541973c39195b663aa8970f82bd8d84dd91f72b2dffff96f9fe"
"FbxAutomationTestBuilder","1.0","1","engine_inventory_not_project_enablement","Engine/Plugins/Tests/FbxAutomationTestBuilder/FbxAutomationTestBuilder.uplugin",,"False","False","False",,"d83dedc8c010e40511ba8e4b57894afae0841e24062d182097122f83c7268e02"
"FieldNotificationTrace","1.0","1","engine_inventory_not_project_enablement","Engine/Plugins/Developer/FieldNotificationTrace/FieldNotificationTrace.uplugin",,"False","False","True","False","3dcd182e637fae13b5dd86c60e3ba54bc514929512d98832d99245dee2f0f57f"
"FieldSystemPlugin","0.1","1","engine_inventory_not_project_enablement","Engine/Plugins/Experimental/FieldSystemPlugin/FieldSystemPlugin.uplugin",,"False","False","True",,"0f873321c943a93e73a7337138f33713a51773f29404ef772950f7845e00444b"
"FileLogging","1.0","1","engine_inventory_not_project_enablement","Engine/Plugins/Runtime/Analytics/FileLogging/FileLogging.uplugin",,"False","False","False",,"986c954a7ce102e2b7fc4c776bd6400b920d8dcb3352d0d29deffc45a796d362"
"FileSandbox","0.1","1","engine_inventory_not_project_enablement","Engine/Plugins/Developer/Sandbox/FileSandbox/FileSandbox.uplugin",,"False","False","True",,"1c69107e987bfeef6a897814d9b140e449718727884f4ce1758c51a3bb7054b0"
"Firebase","1.0","1","engine_inventory_not_project_enablement","Engine/Plugins/Runtime/Firebase/Firebase.uplugin",,"False","False","False","False","140fa59b6d0c948cbad3d013e332b2991080e68eb0b428af981b9ef6a2441b37"
"FlacDecoderElectra","1.0","1","engine_inventory_not_project_enablement","Engine/Plugins/Media/FlacDecoderElectra/FlacDecoderElectra.uplugin",,"False","False","False",,"0be5300ac7eeca529c1436f47e85f2c88a442f676a01906b5dfec15e0da7d5a7"
"FloatingProperties","1.0","1","engine_inventory_not_project_enablement","Engine/Plugins/Experimental/FloatingProperties/FloatingProperties.uplugin",,,"False","False","True","f541886f940476828dcf20273f77bf4dfe5ed33f029c7ad00bbb06f97e90f539"
"Fracture","0.1","1","engine_inventory_not_project_enablement","Engine/Plugins/Experimental/Fracture/Fracture.uplugin",,"False","False","True",,"267295f24ba332811ed628e3a7f76a05f2d8fe55e568f15885ca178fc342fc40"
"FullBodyIK","1.0","1","engine_inventory_not_project_enablement","Engine/Plugins/Experimental/FullBodyIK/FullBodyIK.uplugin",,,"False","False","False","c57a145495ae8929274dc02c778754a638ac4556bcf499e31406e0fbe182a1ff"
"FunctionalTestingEditor","1.0","1","engine_inventory_not_project_enablement","Engine/Plugins/Tests/FunctionalTestingEditor/FunctionalTestingEditor.uplugin",,"False","False","False",,"b09c69cb367aa67057c80d705aebf556771a4dbccd204ff171d8938c1f98a2fd"
"GameFeatures","1.0","1","engine_inventory_not_project_enablement","Engine/Plugins/Runtime/GameFeatures/GameFeatures.uplugin",,"False","False","True",,"c89740be2d0f864e494ff8f6d4975fae8e26c81c0b9ea2cce642992d12aa0a9b"
"GameFeaturesToolset","1.0","1","engine_inventory_not_project_enablement","Engine/Plugins/Experimental/Toolsets/GameFeaturesToolset/GameFeaturesToolset.uplugin",,"False",,,"True","ae23d12ddbaa2109d06a1dc5ce2a7351cfa483d9c9be58e03a5cfc6200dd13e0"
"GameInput","1.0","1","engine_inventory_not_project_enablement","Engine/Plugins/Runtime/GameInput/GameInput.uplugin",,"False",,"False",,"2010fc759c4edc7067d92fdf309602d4d32dad1c83a78481e0868725533c0dc2"
"GameInputWindows","1.0","1","engine_inventory_not_project_enablement","Engine/Plugins/GameInputWindows/GameInputWindows.uplugin",,"False",,"True",,"9bdc92567103383ef8f3aa737076c3b7f3d993c729f901f419a5cb0663ff992a"
"GameplayAbilities","1.0","1","engine_inventory_not_project_enablement","Engine/Plugins/Runtime/GameplayAbilities/GameplayAbilities.uplugin",,"False","False","False",,"300d50250e42fb8708c998f1842ac6f89cbe9cf775f5b4c4ebb2715be2a96266"
"GameplayBehaviors","0.1","1","engine_inventory_not_project_enablement","Engine/Plugins/Experimental/GameplayBehaviors/GameplayBehaviors.uplugin",,"False","False","True",,"80db02a0e2434ae86b324b115b5e19eb63e3aa678d7b1e472a1638fb6dbae9de"
"GameplayBehaviorSmartObjects","1.0","1","engine_inventory_not_project_enablement","Engine/Plugins/Runtime/GameplayBehaviorSmartObjects/GameplayBehaviorSmartObjects.uplugin",,,"False","False","True","8e87937c4c1295cfcda7a04658c7d0c2290d4fcd7860bc9b366e5c14fd6ffdf6"
"GameplayCameras","0.1","1","engine_inventory_not_project_enablement","Engine/Plugins/Cameras/GameplayCameras/GameplayCameras.uplugin",,"True","False",,"True","99eac19ab4e17e442b5686f3df32a3b684e805caf1d72648bd0b448a52f0bb30"
"GameplayGraph","0.1","1","engine_inventory_not_project_enablement","Engine/Plugins/Experimental/GameplayGraph/GameplayGraph.uplugin",,"False","False","False","True","6bca17198b8d83cc3738a94327c2149f5d440b458e9d94fc2c9bb1086d53b72f"
"GameplayInsights","1.0","1","engine_inventory_not_project_enablement","Engine/Plugins/Animation/GameplayInsights/GameplayInsights.uplugin",,"False","False","False",,"7d54dbe6b74a980989a7d8e3b995d24127d7f1e18a644471122df0757c7e1f0b"
"GameplayInteractions","1.0","1","engine_inventory_not_project_enablement","Engine/Plugins/Runtime/GameplayInteractions/GameplayInteractions.uplugin",,"False","False","False","True","f85936da9c7a5ca15cb8839230872230d143a1480b2e57225fce5e1556b320f2"
"GameplayStateTree","1.0","1","engine_inventory_not_project_enablement","Engine/Plugins/Runtime/GameplayStateTree/GameplayStateTree.uplugin",,"False","False","False",,"0a703b9ea5aaf717bb2d4a584956810e2fc0018d3644fe11a1c69af713809ca6"
"GameplayTagsEditor","1.0","1","engine_inventory_not_project_enablement","Engine/Plugins/Editor/GameplayTagsEditor/GameplayTagsEditor.uplugin",,"True","False","False",,"f182707c07a013741c34b1ee646da57885dfa9493353bea9765612d574ff91d1"
"GameplayTagsToolset","1.0","1","engine_inventory_not_project_enablement","Engine/Plugins/Experimental/Toolsets/GameplayTagsToolset/GameplayTagsToolset.uplugin",,"False",,,"True","1fb38399acc536d2a6bb939483b48ec6b8a7c54b8dc6f93c7abdf4786f946a99"
"GASToolsets","1.0","1","engine_inventory_not_project_enablement","Engine/Plugins/Experimental/Toolsets/GASToolsets/GASToolsets.uplugin",,"False","False","False","True","8e2c81638f8bc2e7c82c2f15e90aacfae246add4a9e417205293e19f313aa6c2"
"Gauntlet","0.1","1","engine_inventory_not_project_enablement","Engine/Plugins/Experimental/Gauntlet/Gauntlet.uplugin",,"False","False","True","False","df500471bc319c2067bf2c6921558b2b9d7fefe8119dd56556a8a78f0a7b00c9"
"GDKNetDriver","1.0","1","engine_inventory_not_project_enablement","Engine/Plugins/Online/Microsoft/GDKNetDriver/GDKNetDriver.uplugin",,"False",,,,"3c36da261caede9eee3f6dddb72da13f09cb1c40226dbf6008be26d9d74f7dfe"
"GDKPackageChunkInstall","0.1","1","engine_inventory_not_project_enablement","Engine/Plugins/Runtime/Microsoft/GDKPackageChunkInstall/GDKPackageChunkInstall.uplugin",,"False","False",,,"c21c872473715d9f5e407dade36b89548b7cbba965c07cef299ed0eb51cd0421"
"GDKPlatformDLC","0.1","1","engine_inventory_not_project_enablement","Engine/Plugins/Experimental/Microsoft/GDKPlatformDLC/GDKPlatformDLC.uplugin",,"False","False","True",,"7018a52f0864ef59f72ad449380f7c33d3e12c2b5049c69669e4f90c15ae5dde"
"GDKVirtualKeyboard","0.1","1","engine_inventory_not_project_enablement","Engine/Plugins/Runtime/Microsoft/GDKVirtualKeyboard/GDKVirtualKeyboard.uplugin",,"False","False",,,"2705b37d70b85ba2b7dd8d0ea4b58f53103da3cebdcac02c0ddd60e71d42da90"
"GeForceNOWWrapper","1.0","1","engine_inventory_not_project_enablement","Engine/Plugins/Runtime/Nvidia/GeForceNOWWrapper/GeForceNOWWrapper.uplugin",,"False",,,,"01f94341669b3f56266ae2f1d118c8360df87c6d5b055f0887ce83a2b87d59e0"
"GeneSplicer","10.1.3","10.1","engine_inventory_not_project_enablement","Engine/Plugins/Animation/GeneSplicer/GeneSplicer.uplugin",,,"False","False",,"f57d80ca5146d2e979fca660b7ba4d936871778e6b2eb47a995eb55ff990aad1"
"GeometryCache","1.0","1","engine_inventory_not_project_enablement","Engine/Plugins/Runtime/GeometryCache/GeometryCache.uplugin",,"True","False","False",,"89f18cf79ec4442c71f80ae48b0dacd98921c06d8f30427479f32e7f7c977292"
"GeometryCacheAbcFile","0.1","1","engine_inventory_not_project_enablement","Engine/Plugins/Experimental/GeometryCacheAbcFile/GeometryCacheAbcFile.uplugin",,"False","False","True",,"ea71a65fd1ab3899fd12d011ae7892952d49708c61e8d2aed8397ee5fb3c3f28"
"GeometryCacheLevelSequenceBaker","1.0","1","engine_inventory_not_project_enablement","Engine/Plugins/Experimental/GeometryCacheLevelSequenceBaker/GeometryCacheLevelSequenceBaker.uplugin",,,"False","False","True","c1ebd0630f2540a4cf786740ec9e57946d891c4725a26713ff93f244216413a3"
"GeometryCollectionPlugin","0.1","1","engine_inventory_not_project_enablement","Engine/Plugins/Experimental/GeometryCollectionPlugin/GeometryCollectionPlugin.uplugin",,"False","False","True",,"f346892e8641bf3650c00f293e29d8aa01a7028ab058e76cf17f685313f43aa6"
"GeometryDataflow","0.1","1","engine_inventory_not_project_enablement","Engine/Plugins/Experimental/GeometryDataflow/GeometryDataflow.uplugin",,"False","False","False",,"1dcc1560c2eaef3d35ce90f313d544ca8e49dc1054148194937f0516dcfa8323"
"GeometryFlow","0.1","1","engine_inventory_not_project_enablement","Engine/Plugins/Experimental/GeometryFlow/GeometryFlow.uplugin",,,"False",,"True","e4d8ea6597e20a0dd9d963d71a8ae072dab11e16ae39f31e1fd71778bb523208"
"GeometryMask","1.0","1","engine_inventory_not_project_enablement","Engine/Plugins/VirtualProduction/GeometryMask/GeometryMask.uplugin",,,"False",,,"28353445619520f23ecfcc05e2c48e67b081633d64079843fc2f461dd275f5af"
"GeometryMode","1.0","1","engine_inventory_not_project_enablement","Engine/Plugins/Editor/GeometryMode/GeometryMode.uplugin",,"True","False","False",,"a1a4d092bb30d2fe57625bc0eeec07164aaaa238fff2a410e9ad90cdc09bd081"
"GeometryProcessing","0.1","1","engine_inventory_not_project_enablement","Engine/Plugins/Runtime/GeometryProcessing/GeometryProcessing.uplugin",,,"False","True",,"2c0ddb8dc21c9560844c0d3bd4d1531a6988acee84b8c7c59c34cac2f1c6bbb1"
"GeometryScripting","0.1","1","engine_inventory_not_project_enablement","Engine/Plugins/Runtime/GeometryScripting/GeometryScripting.uplugin",,,"False","False","False","b4f110a7231bbec02ee58c94cb4c269b75bb1d54ee9089fa2b49b8dad883628c"
"GeoReferencing","1.0","1","engine_inventory_not_project_enablement","Engine/Plugins/Runtime/GeoReferencing/GeoReferencing.uplugin",,,"False","False","False","fb47a84896440bbbf5c5721830ff98be4d001ed60d75e4149b79b8adb2977519"
"GitSourceControl","1.4","14","engine_inventory_not_project_enablement","Engine/Plugins/Developer/GitSourceControl/GitSourceControl.uplugin",,"True","False","True",,"ce08b9e8100e7e2ce13939d89b241202cd196f6cc330dc2491c4d2977eb095a4"
"GizmoFramework","1.0","1","engine_inventory_not_project_enablement","Engine/Plugins/Experimental/GizmoFramework/GizmoFramework.uplugin",,,"False","False","True","a157277e1732bfe8ddd57fcac4e43b40b45e9104b193e886c78cd07f94649350"
"GlobalConfigurationData","0.1","1","engine_inventory_not_project_enablement","Engine/Plugins/Experimental/GlobalConfigurationData/GlobalConfigurationData.uplugin",,"True","False","False","True","1bc84cc9541cb744814013a2f766ba01e2a2dac666be3e4c51d7c3da0bd2cc2f"
"GLTFExporter","1.3.1","131","engine_inventory_not_project_enablement","Engine/Plugins/Enterprise/GLTFExporter/GLTFExporter.uplugin",,"True",,,,"730adb1b40d9b89bdbdb572dfbb564629a31d0c821c13da6eacda14d54105c8c"
"GoogleARCore","1.18.0","11","engine_inventory_not_project_enablement","Engine/Plugins/Runtime/AR/Google/GoogleARCore/GoogleARCore.uplugin",,"False",,"False",,"bcec61c496f45dcbdcc961dd931111069a7d7a5fe9a39939dfb93d7cfa4c300e"
"GoogleARCoreServices","1.18.0","11","engine_inventory_not_project_enablement","Engine/Plugins/Runtime/AR/Google/GoogleARCoreServices/GoogleARCoreServices.uplugin",,"False",,"False",,"2454c5b0c8c8cd540ba9e5e1b308a504582f621a17ec8d81aa07026188a7c51d"
"GoogleCloudMessaging","1.0","1","engine_inventory_not_project_enablement","Engine/Plugins/Runtime/GoogleCloudMessaging/GoogleCloudMessaging.uplugin",,"True","False","False","False","d7d817ecbd9ba7df6d07421e8fb8a6957b9db7b8d9e26179aa942df372be2b0d"
"GooglePAD","1.0","1","engine_inventory_not_project_enablement","Engine/Plugins/Runtime/GooglePAD/GooglePAD.uplugin",,"True","False","False",,"ed5645c2857c41b44634167cb659240d628a61078d227ca503932331958a4414"
"GPULightmass","1.0","1","engine_inventory_not_project_enablement","Engine/Plugins/Experimental/GPULightmass/GPULightmass.uplugin",,"False","False","True",,"cb4067042f935ca4d5db0b24ad70da3ac0f22682c0a5c86758f7966424fcfa19"
"GPUReshape","0.1","1","engine_inventory_not_project_enablement","Engine/Plugins/Developer/GPUReshape/GPUReshape.uplugin",,"True",,,,"5d714b483939880493cff2b6d4297a6b25ddbcd4b62a60bd1e88218a36c7a57f"
"GuidedTutorials","1.0","1","engine_inventory_not_project_enablement","Engine/Plugins/Editor/GuidedTutorials/GuidedTutorials.uplugin",,,"False","False","False","0a94bf94c4a2c8fd376872589b3a411bebd4bc0134996558ce3caa57a228155c"
"HairCardGenerator","1.0","1","engine_inventory_not_project_enablement","Engine/Plugins/Experimental/HairCardGenerator/HairCardGenerator.uplugin",,"False","False","False","True","843c33ae0c109b6b45db37eac80a1c2d00e4b4ee8be3da165cedcf41c45f333b"
"HairModelingToolset","0.1","1","engine_inventory_not_project_enablement","Engine/Plugins/Experimental/HairModelingToolset/HairModelingToolset.uplugin",,,"False",,"True","a50f1f36f1e2f39c7a6d48da33260169ff9180f0bcf58af707aa22b9854c226c"
"HairStrands","1.0","2","engine_inventory_not_project_enablement","Engine/Plugins/Runtime/HairStrands/HairStrands.uplugin",,"False","False","False",,"facd132092e26fba918538c13b73e6aeb0d4dcff798ddfb393b9980c08fd8c47"
"HairStrandsMutable","0.1","1","engine_inventory_not_project_enablement","Engine/Plugins/Experimental/HairStrandsMutable/HairStrandsMutable.uplugin",,"False","False","False","True","40f66413ea8cbae918e20786a99e47bf465396980b0da5001d3e1e8fe0246332"
"HAPDecoderElectra","1.0","1","engine_inventory_not_project_enablement","Engine/Plugins/Media/HAPDecoderElectra/HAPDecoderElectra.uplugin",,"False","False","False",,"f2e0052336bdc3966f104d2468647b26df50012fa9cce5f6985cd304cb6fd2e5"
"HAPMedia","1.0","1","engine_inventory_not_project_enablement","Engine/Plugins/Media/HAPMedia/HAPMedia.uplugin",,"False","False","False",,"03fe4a2e06f4aa4da1df30eb75acea64085910b929f47e3460d5ad3534e137b5"
"HardwareEncoders","0.2","0.2","engine_inventory_not_project_enablement","Engine/Plugins/Media/HardwareEncoders/HardwareEncoders.uplugin",,"False","False","True",,"09da68c95a15ecadd689e2d47a9585266f1b454309b4a89e1ca034a77488fa78"
"Harmonix","1.0","1","engine_inventory_not_project_enablement","Engine/Plugins/Runtime/Harmonix/Harmonix.uplugin",,"False","False","False","True","252e405d5449afe71763ca9032949395621adcd261b7ca2604da2b6157f09315"
"HDRIBackdrop","1.0","1","engine_inventory_not_project_enablement","Engine/Plugins/Runtime/HDRIBackdrop/HDRIBackdrop.uplugin",,"False","False","False",,"96ddf7473bfa379c6dffb1eefd66480249912d51c45bbe64241c34f6321d19a7"
"HierarchyTable","0.1","1","engine_inventory_not_project_enablement","Engine/Plugins/Experimental/Animation/HierarchyTable/HierarchyTable.uplugin",,"False","False","False","True","2cdae6c4761ca650ac4e4de50a4d27fcf1b4c881ed83f4f5dc5337ed29d33ac1"
"HierarchyTableAnimation","0.1","1","engine_inventory_not_project_enablement","Engine/Plugins/Experimental/Animation/HierarchyTableAnimation/HierarchyTableAnimation.uplugin",,"False","False","False","True","29771477171af318d62c00adf620fc8df170121c04324b1e92e4ea2603b9f9c3"
"HoldoutComposite","1.0","1","engine_inventory_not_project_enablement","Engine/Plugins/Compositing/HoldoutComposite/HoldoutComposite.uplugin",,"False","False","False","True","93e476c9577af203fb61a2277f9e50e6e428704e515e526ffcd93bfbf22b4143"
"HPMotionController","1.0","1","engine_inventory_not_project_enablement","Engine/Plugins/Runtime/HPMotionController/HPMotionController.uplugin",,"False","False","False",,"a6678d41775607ce354cc928e593fd082933a2eeab94a9861ed004ca4339b87c"
"HTNPlanner","0.01","1","engine_inventory_not_project_enablement","Engine/Plugins/AI/HTNPlanner/HTNPlanner.uplugin",,"False","False","True",,"e357e14eaf0c4396d0aee5ebf5561749a9887c2c1b43906ab0499fc079de2d9a"
"HttpBlueprint","1.0","1","engine_inventory_not_project_enablement","Engine/Plugins/Web/HttpBlueprint/HttpBlueprint.uplugin",,"False","False","False","True","1cc65036a0e71495dc695689f995e269029b7749952a44b4cd1d5dc9a43436cc"
"HTTPChunkInstaller","1.0","1","engine_inventory_not_project_enablement","Engine/Plugins/Runtime/HTTPChunkInstaller/HTTPChunkInstaller.uplugin",,"False",,,,"634be7a4bbc901e0dbaa9c4ad2a8c87020d4ac481dd0a5a45ab70f6bbdd3a32d"
"HttpInsights","1.0","1","engine_inventory_not_project_enablement","Engine/Plugins/Experimental/HttpInsights/HttpInsights.uplugin",,"True","False","False",,"b81e1b9aa96f6b513a6eda8d7790f518bf3a926d5d0f5ef6badbb51f81b09afa"
"ICVFX","1.0","1","engine_inventory_not_project_enablement","Engine/Plugins/VirtualProduction/ICVFX/ICVFX.uplugin",,,"False","True",,"4085493652b52c2b94adf8e08c41f9aeb691806c90d58f123e90b6b20176d78d"
"ICVFXTesting","1.0","1","engine_inventory_not_project_enablement","Engine/Plugins/VirtualProduction/ICVFXTesting/ICVFXTesting.uplugin",,,"False","True",,"02cbf602093e0b1e060e09ec71f94c31b459c4bbe0663cc6f53cfc44addfb1d2"
"IKRig","1.0","1","engine_inventory_not_project_enablement","Engine/Plugins/Animation/IKRig/IKRig.uplugin",,"True","False","False","False","3bd4d9af1082d24913cd7272f38826896789e5c188b2cf9fec1f55694524a962"
"ImagePlate","0.1","1","engine_inventory_not_project_enablement","Engine/Plugins/Experimental/ImagePlate/ImagePlate.uplugin",,"False","False","True",,"f132a2e72bb0dd0ad00405df08fe1532d77f6aa64516a64b6e0c5e2bd90d1578"
"ImageWidgets","1.0","1","engine_inventory_not_project_enablement","Engine/Plugins/Editor/ImageWidgets/ImageWidgets.uplugin",,,,"True",,"203224ed5efb2b16cf29a42f2892b94b6b2acef22609581d95563aac8e951819"
"ImgMedia","1.0","1","engine_inventory_not_project_enablement","Engine/Plugins/Media/ImgMedia/ImgMedia.uplugin",,"True","False","True",,"a436b306a24e41fc5db3144ed9fc2cb41f1b8bf4e65edd2e0805708b17d525c4"
"ImpostorBaker","1.0","1","engine_inventory_not_project_enablement","Engine/Plugins/Experimental/ImpostorBaker/ImpostorBaker.uplugin",,,"False","False",,"b483a141a54a935ae941be785c2b11472d71268641f424f21af1370922c533e5"
"InEditorDocumentation","1.0","1","engine_inventory_not_project_enablement","Engine/Plugins/Experimental/InEditorDocumentation/InEditorDocumentation.uplugin",,,"False","False","True","3e3a184585967ba3ce46e707cf235368a9353da946f51358aecad116ce8fd8e4"
"InlineMaterialInstance","1.0","1","engine_inventory_not_project_enablement","Engine/Plugins/Experimental/InlineMaterialInstance/InlineMaterialInstance.uplugin",,,"False","True",,"0f584d10a73ce27789468968a21e67ea2ae7f9241b56ffc7fdbcbd71de28aefc"
"InputDebugging","1.0","1","engine_inventory_not_project_enablement","Engine/Plugins/Runtime/InputDebugging/InputDebugging.uplugin",,"True","False","False",,"f55046c8a221a572341983949174583ecbc0bac7ba200cc0c82ef8a9844d6371"
"InstancedActors","0.1","1","engine_inventory_not_project_enablement","Engine/Plugins/Runtime/InstancedActors/InstancedActors.uplugin",,"False","False","False","True","75ad35a2eadc3ed55d35eb6ee1a06f0da519d92748b8a9716fe963bd208f5c79"
"InstanceDataObjectFixupTool","1.0","1","engine_inventory_not_project_enablement","Engine/Plugins/Experimental/InstanceDataObjectFixupTool/InstanceDataObjectFixupTool.uplugin",,"False","False","False","True","e61af3542300e0102c736f8b42733f6ef756e37aecca60a5900c26f62ff9eda6"
"InteractionInterface","1.0","1","engine_inventory_not_project_enablement","Engine/Plugins/Experimental/InteractionInterface/InteractionInterface.uplugin",,"False","False","False","True","4b3f00684d0259cfc638f72a763f6f3758113a5aa1030af14a8b06828a2c35b1"
"Interchange","1.0","1","engine_inventory_not_project_enablement","Engine/Plugins/Interchange/Runtime/Interchange.uplugin",,"True","False","False","False","b7b4bdd3e6d1a8d7f862c75f90b9372058fc121fb46c3b6a767b89aec79b3672"
"InterchangeAssets","1.0","1","engine_inventory_not_project_enablement","Engine/Plugins/Interchange/Assets/InterchangeAssets.uplugin",,"True","False","False","False","331248276182b1887418493f57c271c4c1310a85e99d8e99a487b7c066564bdf"
"InterchangeAxF","1.0","1","engine_inventory_not_project_enablement","Engine/Plugins/Experimental/InterchangeAxF/Runtime/InterchangeAxF.uplugin",,,"False",,"True","c689b2d97e2c3cf48fb2d146cd1126fa50b59f5fb7c891e8c21f81ff7bc63575"
"InterchangeAxfAssets","1.0","1","engine_inventory_not_project_enablement","Engine/Plugins/Experimental/InterchangeAxF/Assets/InterchangeAxfAssets.uplugin",,"True","False",,"True","79637fe15b08ac52e2ab73e747f5204e11250a6f544b955a763839b97c0a7cfd"
"InterchangeChaosClothAsset","1.0","1","engine_inventory_not_project_enablement","Engine/Plugins/Interchange/Extensions/ChaosClothAsset/InterchangeChaosClothAsset.uplugin",,"False","False","False","True","52e28390462cc7b072e3d72928b6ad2a761d082c80d4dbdfb5c4ada015c80355"
"InterchangeEditor","1.0","1","engine_inventory_not_project_enablement","Engine/Plugins/Interchange/Editor/InterchangeEditor.uplugin",,"True","False","False","False","954e69845ee848755ee8ee4dba5a8e11f4d4b47d988fa5b81388c0b3ebb63bd6"
"InterchangeOpenUSD","1.0","1","engine_inventory_not_project_enablement","Engine/Plugins/Interchange/Extensions/OpenUSD/InterchangeOpenUSD.uplugin",,"False","False","False","True","ce8182bf58bc968c296954c7a209f9efe3884383fbd3030c0162e4982a8f3114"
"InterchangeOpenUSDChaosClothAsset","1.0","1","engine_inventory_not_project_enablement","Engine/Plugins/Interchange/Extensions/OpenUSDChaosClothAsset/InterchangeOpenUSDChaosClothAsset.uplugin",,"False","False","False","True","5d708f64241121fecebf113dfcc71fe8289d2cfe1803c9410e366074a854c66e"
"InterchangeOpenVDB","1.0","1","engine_inventory_not_project_enablement","Engine/Plugins/Interchange/Extensions/OpenVDB/InterchangeOpenVDB.uplugin",,"False","False","False","True","be2492623ba44a33d2c561e42eb87458007f8f22655aca8ec207bcb9517a3c05"
"InterchangeTests","1.0","1","engine_inventory_not_project_enablement","Engine/Plugins/Tests/InterchangeTests/InterchangeTests.uplugin",,"True","False","True","False","6e1e6767d61a5b967995cd6c3ebb6c18bf5b20b870b0278b0fe91d11d915a745"
"IOSDeviceProfileSelector","1.0","1","engine_inventory_not_project_enablement","Engine/Plugins/Runtime/IOSDeviceProfileSelector/IOSDeviceProfileSelector.uplugin",,"True","False","False",,"f79bd00bacba9dea60d9ed255ef3ef6010c540de7208c432cbdf2fa365b3ce08"
"IOSReplayKit","1.0","1","engine_inventory_not_project_enablement","Engine/Plugins/Runtime/IOSReplayKit/IOSReplayKit.uplugin",,"False","False","False","False","7d57c3e08d1f211d0da05436ca199858714f1f50355486cc36134ace9b303775"
"IOSTapJoy","1.0","1","engine_inventory_not_project_enablement","Engine/Plugins/Runtime/Advertising/IOSTapJoy/IOSTapJoy.uplugin",,"False","False","False",,"92112648a2665ee6d256f1d7920b431d46202a15ee2dd57ffd21d61fa8e07c71"
"IoStoreInsights","1.0","1","engine_inventory_not_project_enablement","Engine/Plugins/IoStoreInsights/IoStoreInsights.uplugin",,"True","False","False",,"7398aa403dc2ab223fc424e86edb82f562d9b95822fea220e75ec4adffb2117c"
"Iris","0.1","1","engine_inventory_not_project_enablement","Engine/Plugins/Experimental/Iris/Iris.uplugin",,"False","False","True","False","3064c9a85e2db49b416f1db02d0bd0a5db8220b718f3e56c3ef4de281b97f66b"
"JsonBlueprintUtilities","1.0","1","engine_inventory_not_project_enablement","Engine/Plugins/JsonBlueprintUtilities/JsonBlueprintUtilities.uplugin",,"False","False","True","False","f1b934f405a823cf72a163524352e9cd11802548a55325f23263c0157a34f9f6"
"JWT","1.0","1","engine_inventory_not_project_enablement","Engine/Plugins/Experimental/JWT/JWT.uplugin",,"False","False","False",,"de83c9611cec8aaa8714314c6ea0f8bea20c9725940e77c39262b4626dfa1b5c"
"KDevelopSourceCodeAccess","1.0","1","engine_inventory_not_project_enablement","Engine/Plugins/Developer/KDevelopSourceCodeAccess/KDevelopSourceCodeAccess.uplugin",,"True","False","False",,"e4e8fbeb8fc579c47eb1fbfc5eba8cc20a4dfd89c147d6cfb86924c05158f6f0"
"Landmass","1.0","1","engine_inventory_not_project_enablement","Engine/Plugins/Experimental/Landmass/Landmass.uplugin",,,"False","True",,"838b95dd84be61ccffb777718f8efc8548ec8d5fc33a8395d50503a29d17a695"
"LandscapePatch","1.0","1","engine_inventory_not_project_enablement","Engine/Plugins/Editor/LandscapePatch/LandscapePatch.uplugin",,,"False",,,"108d71bb57b90fa54f479322adb135cb11a0008c7bbec0bf55705527dd887d5c"
"LauncherChunkInstaller","1.0","1","engine_inventory_not_project_enablement","Engine/Plugins/Portal/LauncherChunkInstaller/LauncherChunkInstaller.uplugin",,"True","False","False","False","5e0b6ba073e322ceac6928ae955089fc1c5aa92b64e97011bd87b55536f06b8f"
"LearningAgents","0.2","2","engine_inventory_not_project_enablement","Engine/Plugins/Experimental/LearningAgents/LearningAgents.uplugin",,"False","False","False","True","57b3920ae8ceb8f560032453e6520ed853531ca93adab571cdbbe05756c7ed24"
"LearningCore","0.1","2","engine_inventory_not_project_enablement","Engine/Plugins/Experimental/LearningCore/LearningCore.uplugin",,"False","False","False","True","a5d357e823edd6073b32cd4868655cf4324b1673111a5be372a95e59a24f86da"
"LedWallCalibration","1.0","1","engine_inventory_not_project_enablement","Engine/Plugins/Experimental/VirtualProduction/LedWallCalibration/LedWallCalibration.uplugin",,"False","False","True",,"7d41e5cb55bb06f0550f97bddd83bdc5a75a75b52e08df9050e6fa9455d7c2d2"
"LensComponent","1.0","1","engine_inventory_not_project_enablement","Engine/Plugins/VirtualProduction/LensComponent/LensComponent.uplugin",,,"False","True",,"3c6ee2595a485f88b74e732273e51656acac237cedc88909c4ae5892219b6df3"
"LensDistortion","1.0","1","engine_inventory_not_project_enablement","Engine/Plugins/Compositing/LensDistortion/LensDistortion.uplugin",,"False","False","False",,"38ae1028959253796ab2e4194110148582780b991b5474ba8bcedc937955a678"
"LevelSequenceEditor","1.0","1","engine_inventory_not_project_enablement","Engine/Plugins/MovieScene/LevelSequenceEditor/LevelSequenceEditor.uplugin",,"True","False","False",,"0157730dbf2118439365455ee7f65283b608d40aa6e698a245e9a9028ef8c35b"
"LevelSequenceNavigatorBridge","1.0","1","engine_inventory_not_project_enablement","Engine/Plugins/Experimental/LevelSequenceNavigatorBridge/LevelSequenceNavigatorBridge.uplugin",,"True","False","False","True","f446324b12f111d9f2f62d2b091db92f145f322c89e376722215352a7b435e35"
"LevelSnapshots","1.0","1","engine_inventory_not_project_enablement","Engine/Plugins/VirtualProduction/LevelSnapshots/LevelSnapshots.uplugin",,"False","False","True","False","8393db04a021833942d21b544a5d67d977c75bcd4377e67e17eced8955ba3d06"
"LevelStreamingPersistence","0.2","1","engine_inventory_not_project_enablement","Engine/Plugins/Runtime/LevelStreamingPersistence/LevelStreamingPersistence.uplugin",,"False","False","False","True","4349584022f3979675dc9c98e8b4fe8fc44ba2e9686a158f6100efcbafb9ba26"
"LibVpxCodecs","0.1","1","engine_inventory_not_project_enablement","Engine/Plugins/Experimental/AVCodecs/LibVpxCodecs/LibVpxCodecs.uplugin",,"False","False",,"True","289c1fed65c31a95bf359c4ecf46b73d742929341aa88f372da3f579c5edc4ec"
"LidarPointCloud","1.0","1","engine_inventory_not_project_enablement","Engine/Plugins/Enterprise/LidarPointCloud/LidarPointCloud.uplugin",,"False","False","False",,"0989ac652d0bd8723761e774984437de06374ecc52aea6caf127566941b80a8b"
"LightMixer","1.0","1","engine_inventory_not_project_enablement","Engine/Plugins/Editor/ObjectMixer/LightMixer/LightMixer.uplugin",,"True",,"True","False","077a06ca013c67183d79d55bb693df6e9ceb2509e4122585770991051c2b8a97"
"LightWeightInstancesEditor","1.0","1","engine_inventory_not_project_enablement","Engine/Plugins/LightWeightInstancesEditor/LightWeightInstancesEditor.uplugin",,,"False","True","False","96367ab75e75231be739920e87b61261506233d5c0b294fcfc86711f4f34e417"
"LinearTimecode","1.0","1","engine_inventory_not_project_enablement","Engine/Plugins/Media/LinearTimecode/LinearTimecode.uplugin",,"False","False","False",,"f06dad30cd65acaa709a590d46048ec2a0ceff90850387d49bcf3270a2d63fb9"
"LinuxDeviceProfileSelector","1.0","1","engine_inventory_not_project_enablement","Engine/Plugins/Runtime/LinuxDeviceProfileSelector/LinuxDeviceProfileSelector.uplugin",,"True","False","False",,"6c015eb8c6ce023ba96161a9068fc1573bddf38093849be049d66e2a1099513b"
"LiveCodingToolset","1.0","1","engine_inventory_not_project_enablement","Engine/Plugins/Experimental/Toolsets/LiveCodingToolset/LiveCodingToolset.uplugin",,"False","False","False","True","6515bdf387dd2f8b50dfd96f3cc8fa00c978636c4198a4515156a28718b11006"
"LiveLink","2.0","1","engine_inventory_not_project_enablement","Engine/Plugins/Animation/LiveLink/LiveLink.uplugin",,"False","False","False",,"33fd6909681bdbcbca55f03bd29ad39e88f0be74885ddf02d64402a91f8f4fe4"
"LiveLinkCamera","1.0","1","engine_inventory_not_project_enablement","Engine/Plugins/VirtualProduction/LiveLinkCamera/LiveLinkCamera.uplugin",,,"False","True","False","43747e677884a5a9d58e90e74a84fd1016b20008bb0bbba5003f41728c96f2cb"
"LiveLinkControlRig","1.0","1","engine_inventory_not_project_enablement","Engine/Plugins/Experimental/LiveLinkControlRig/LiveLinkControlRig.uplugin",,"False","False","True",,"fe1742c221258464e3f3cef816a366279f3341041ce18f040f60e6e51d656b1c"
"LiveLinkCurveDebugUI","0.1","1","engine_inventory_not_project_enablement","Engine/Plugins/Animation/LiveLinkCurveDebugUI/LiveLinkCurveDebugUI.uplugin",,"False",,"True",,"5d48c5ec2c0075a09ee8d6fda6d319c087f6a1439009ba988970aec40665c0e8"
"LiveLinkDevice","1.0","1","engine_inventory_not_project_enablement","Engine/Plugins/Animation/LiveLinkDevice/LiveLinkDevice.uplugin",,"False","False","False","True","68e648a20c8a03afc92b5f2e9cb4aa3746a8feb9392a1456a23b957dbe55ee85"
"LiveLinkExampleDevice","1.0","1","engine_inventory_not_project_enablement","Engine/Plugins/Animation/LiveLinkExampleDevice/LiveLinkExampleDevice.uplugin",,"False","False","False","True","9c478f85f052c54359fc0566a02c8290ee33ae7b83a2843fe35e503da0bd5bcf"
"LiveLinkFaceImporter","1.0","1","engine_inventory_not_project_enablement","Engine/Plugins/Experimental/LiveLinkFaceImporter/LiveLinkFaceImporter.uplugin",,,"False","True","False","8806861d5f7905df523309990c22d69a15cb9eb05588633ae862c508729f6590"
"LiveLinkFreeD","1.0","1","engine_inventory_not_project_enablement","Engine/Plugins/VirtualProduction/LiveLinkFreeD/LiveLinkFreeD.uplugin",,"False","False","True","False","e969397c5fa82437c3d8ca10ea4083fc1e9346316b8764980f6ec395c4771f4e"
"LiveLinkGenericRecordingDevice","1.0","1","engine_inventory_not_project_enablement","Engine/Plugins/Animation/LiveLinkGenericRecordingDevice/LiveLinkGenericRecordingDevice.uplugin",,,"False","False","True","4927951b56b082f8dbb65351597f464d4ae229dfb19618ba12cf5c85adc7110c"
"LiveLinkHub","1.0","1","engine_inventory_not_project_enablement","Engine/Plugins/Animation/LiveLinkHub/LiveLinkHub.uplugin",,"False","False","True","False","44274c4c839207a8b5993020b55dd1b932b67e2f942599134b150915e7d75eac"
"LiveLinkInputDevice","1.0","1","engine_inventory_not_project_enablement","Engine/Plugins/VirtualProduction/LiveLinkInputDevice/LiveLinkInputDevice.uplugin",,"False","False","True","False","e04df089f4cc96dd89977099f3a9fbeb6e932241b12277cdb13f4888a39a1976"
"LiveLinkKiProDevice","1.0","1","engine_inventory_not_project_enablement","Engine/Plugins/VirtualProduction/LiveLinkKiProDevice/LiveLinkKiProDevice.uplugin",,,"False","False","True","481b78ceae17bb282dbe88ca0887b3fd7f013d016eb9459c8a23d304289b3405"
"LiveLinkLens","1.0","1","engine_inventory_not_project_enablement","Engine/Plugins/VirtualProduction/LiveLinkLens/LiveLinkLens.uplugin",,,"False","True",,"4a49d78dbb11dba784551ecdf6c1b9826f1cb26b2b54bc620af45ff69969cc30"
"LiveLinkMasterLockit","1.0","1","engine_inventory_not_project_enablement","Engine/Plugins/VirtualProduction/LiveLinkMasterLockit/LiveLinkMasterLockit.uplugin",,,"False","True",,"5cbdea80efd7f74ce95ab0a1a77eacce29884aea201ca5c6ba659a75e620a3d8"
"LiveLinkOBSDevice","1.0","1","engine_inventory_not_project_enablement","Engine/Plugins/VirtualProduction/LiveLinkOBSDevice/LiveLinkOBSDevice.uplugin",,,"False","False","True","a9f6fbeab15cecd304a7c82e0876442e5661d422797795c4af916362853df2e0"
"LiveLinkOpenTrackIO","1.0","1","engine_inventory_not_project_enablement","Engine/Plugins/VirtualProduction/LiveLinkOpenTrackIO/LiveLinkOpenTrackIO.uplugin",,"False","False","True","False","c2eada9a3fec2a3c806fa013350a48b4415548b77ad6166448b57085c307887f"
"LiveLinkOpenVR","1.0","1","engine_inventory_not_project_enablement","Engine/Plugins/Experimental/LiveLinkOpenVR/LiveLinkOpenVR.uplugin",,"False","False","False","True","ef2ae7c39461bf38cca1f59a1aa575b722778165d04faed81d077478c933a083"
"LiveLinkOverNDisplay","1.0","1","engine_inventory_not_project_enablement","Engine/Plugins/Runtime/LiveLinkOvernDisplay/LiveLinkOverNDisplay.uplugin",,"False","False","False",,"2026739a4d2ca31a1431f68a8d7478b710238a5e9b48e5864714d274c1a720ff"
"LiveLinkPrestonMDR","1.0","1","engine_inventory_not_project_enablement","Engine/Plugins/VirtualProduction/LiveLinkPrestonMDR/LiveLinkPrestonMDR.uplugin",,,"False","True",,"6514fa6de49694c3a6e2a0efb9f9cefd2a4a99ee4a18788668a4867b2640792f"
"LiveLinkSoundDevice","1.0","1","engine_inventory_not_project_enablement","Engine/Plugins/VirtualProduction/LiveLinkSoundDevice/LiveLinkSoundDevice.uplugin",,,"False","False","True","60a0fb7894100ad467666437e40110ff84a72b3e05c4e479facb2f22e40651e5"
"LiveLinkUnrealDevice","1.0","1","engine_inventory_not_project_enablement","Engine/Plugins/Animation/LiveLinkUnrealDevice/LiveLinkUnrealDevice.uplugin",,"False","False","False","True","e2f333ffeb033c9cb9bc2365d0630b384eab6c551d72e86af585ec762cc1be60"
"LiveLinkVRPN","1.0","1","engine_inventory_not_project_enablement","Engine/Plugins/VirtualProduction/LiveLinkVRPN/LiveLinkVRPN.uplugin",,"False","False","True","False","d58e92b308d804f4788d5e3aff9a2ce69dfc17edb34ffa2c38feb8ad3f21cc06"
"LiveLinkXR","1.0","1","engine_inventory_not_project_enablement","Engine/Plugins/VirtualProduction/LiveLinkXR/LiveLinkXR.uplugin",,"False","False","True","False","e02a5553fbf59df9866e354119772fbae2b428a2d4521026ee22e87f111bb064"
"LiveUpdateForSlate","1.0","1","engine_inventory_not_project_enablement","Engine/Plugins/Editor/LiveUpdateForSlate/LiveUpdateForSlate.uplugin",,,"False","False","False","f9d71bbb1541600124cee4c227165b4ae2037f5550eb8cdd591452b048bceab6"
"LocalizableMessage","1.0","1","engine_inventory_not_project_enablement","Engine/Plugins/Experimental/LocalizableMessage/LocalizableMessage.uplugin",,"True","False","False",,"e700a2317401fa6c9cab73381642a57815bb7088934679e5b5f3418823b6a286"
"LocationServicesAndroidImpl","1.0","1","engine_inventory_not_project_enablement","Engine/Plugins/Runtime/LocationServicesAndroidImpl/LocationServicesAndroidImpl.uplugin",,"False","False","False","False","88a9bc6e708ae70f027056e1dd836e235d3a9f05d19b546cc5e5cbc1eda02f28"
"LocationServicesBPLibrary","1.0","1","engine_inventory_not_project_enablement","Engine/Plugins/Runtime/LocationServicesBPLibrary/LocationServicesBPLibrary.uplugin",,"True","False","False","False","b746d16eb89dfa8037eb02da0bd33fd200adc7ba249f72a7c0e17c5346fabf59"
"LocationServicesIOSImpl","1.0","1","engine_inventory_not_project_enablement","Engine/Plugins/Runtime/LocationServicesIOSImpl/LocationServicesIOSImpl.uplugin",,"False","False","False","False","0fddc1824de1bea08594e920c6be11fcd783f01554c70cee0bb4d8dfa9a417d5"
"Locomotor","1.0","1","engine_inventory_not_project_enablement","Engine/Plugins/Experimental/Animation/Locomotor/Locomotor.uplugin",,,"False","True","True","9b1eca2bb8062282627b2b5368f474b5c5ffa369b490737d67aeeab094747f97"
"LowLevelNetTrace","1.0","1","engine_inventory_not_project_enablement","Engine/Plugins/Experimental/LowLevelNetTrace/LowLevelNetTrace.uplugin",,"True",,"True",,"c976138ee031f19257228ff3e24e66ceeffa505b3a1a681372ddf8f2f3ac98a7"
"MacGraphicsSwitching","1.0","1","engine_inventory_not_project_enablement","Engine/Plugins/Editor/MacGraphicsSwitching/MacGraphicsSwitching.uplugin",,"True","False","False",,"d30a41fa624e3beb6c5f4405df3174f11c422e5d2f26fef3ed5d57ccb913ddb3"
"MakeCookedEditorAsDLC",,,"engine_inventory_not_project_enablement","Engine/Plugins/Editor/MakeCookedEditorAsDLC/MakeCookedEditorAsDLC.uplugin",,"False",,,,"90107ede540b8230629c20eac05d9142ce9a84af91fc8d302a832fbfea18ff86"
"MassAI","0.4","1","engine_inventory_not_project_enablement","Engine/Plugins/AI/MassAI/MassAI.uplugin",,"False","False","False","True","18406264ee1ad3886fbf576d65f3cd7d315c54605bc04fcc02bf2c29973a743a"
"MassCrowd","0.4","1","engine_inventory_not_project_enablement","Engine/Plugins/AI/MassCrowd/MassCrowd.uplugin",,"False","False","False","True","db974c21322d6231ff609772ef1c0fe67b57de85f7b7b151960dc9e761128fd3"
"MassGameplay","0.4","1","engine_inventory_not_project_enablement","Engine/Plugins/Runtime/MassGameplay/MassGameplay.uplugin",,"False","False","False","True","4585983daedcca7a0cf6e77e3f7f6d7f361ba3fb9a445b0faf40364392f1950a"
"MassInsights","1.0","1","engine_inventory_not_project_enablement","Engine/Plugins/MassInsights/MassInsights.uplugin",,"True","False","True",,"8804f82ee52da5746c2834a5e5468b8a6b3723778f2a113f45607c9cc2ecc037"
"MaterialAnalyzer","1.0","1","engine_inventory_not_project_enablement","Engine/Plugins/Editor/MaterialAnalyzer/MaterialAnalyzer.uplugin",,"True","False","False",,"e65f355c55538c690e6efddfb976362d79cd3beb9c2760259ed1699c5ee9d35f"
"MaterialAssetWizard","1.0","1","engine_inventory_not_project_enablement","Engine/Plugins/Editor/MaterialAssetWizard/MaterialAssetWizard.uplugin",,"True","False","False","False","0eef2a87b87c4ee8bc26a9388cc4111fdbe792d850797c917315a7aaf2ab0c7d"
"MaterialValidation","1.0","1","engine_inventory_not_project_enablement","Engine/Plugins/Editor/MaterialValidation/MaterialValidation.uplugin",,"False","False","True",,"8064a3009f719d6f3b7dce76ae204d70b3704dc78d644dccd65bf36970450419"
"MCPClientToolset","1.0","1","engine_inventory_not_project_enablement","Engine/Plugins/Experimental/Toolsets/MCPClientToolset/MCPClientToolset.uplugin",,"False","False","True","True","5fdd7c83abc0164478c737af602e596c720fac332bae2226631bdf12b74dcf8c"
"MDLImporter","1.0","1","engine_inventory_not_project_enablement","Engine/Plugins/Enterprise/MDLImporter/MDLImporter.uplugin",,"False","False","True",,"8f6ec1bc1cb1e306f9a892d470b821d6713d7291fd93d1c54a9904fbafd60d71"
"MediaCompositing","1.0","1","engine_inventory_not_project_enablement","Engine/Plugins/Media/MediaCompositing/MediaCompositing.uplugin",,"True","False","False",,"3157387deb7cb90789cdeb36490c68fc27c893cf18926ecb536de8adf5233f65"
"MediaFrameworkUtilities","1.0","1","engine_inventory_not_project_enablement","Engine/Plugins/Media/MediaFrameworkUtilities/MediaFrameworkUtilities.uplugin",,"False","False","False","False","5a90e7387094ea97a1459a55818087a9e090cd2a82c3af9d7b3877c4210115d0"
"MediaIOFramework","1.0","1","engine_inventory_not_project_enablement","Engine/Plugins/Media/MediaIOFramework/MediaIOFramework.uplugin",,"False","False","False","False","9bb2b661512cb54bea0c63321c39cb14296fa159b6da7e22f739493925d0bc30"
"MediaMovieStreamer","0.1","0","engine_inventory_not_project_enablement","Engine/Plugins/Media/MediaMovieStreamer/MediaMovieStreamer.uplugin",,"False","False","True","False","7dd3ae6db84a7e7d28f0606849f9669d5235b8e0233f0054003d5091c52a0f43"
"MediaPlate","0.1","0","engine_inventory_not_project_enablement","Engine/Plugins/Media/MediaPlate/MediaPlate.uplugin",,"True","False","True","False","36e3cf136bdd47504e350fe6ad0841d3c9ecd8ea88ed2df967f8a84eeeebe92d"
"MediaPlayerEditor","1.0","1","engine_inventory_not_project_enablement","Engine/Plugins/Media/MediaPlayerEditor/MediaPlayerEditor.uplugin",,"True","False","False",,"6b21bbf9882f8fe54373353f6988050566578396e4f5d1a36f861d20617598fc"
"MediaProfile","1.0","1","engine_inventory_not_project_enablement","Engine/Plugins/Media/MediaProfile/MediaProfile.uplugin",,"False","False","False","True","43394c0c4c32007ca5d57d2d5810d357817fd66630d483989c0490ba51bf59da"
"MediaStream","1.0","1","engine_inventory_not_project_enablement","Engine/Plugins/Experimental/MediaStream/MediaStream.uplugin",,,"False","False","True","2b4cfe395fa2255afb00591897d4a99bfffdd8dc254648d4492393b18e3d7c58"
"MediaViewer","0.1","1","engine_inventory_not_project_enablement","Engine/Plugins/Media/MediaViewer/MediaViewer.uplugin",,,,"True","False","f367002d45ab69238aec7c40c8d690353a82247e8a5bc53c54f1da8bee1860d3"
"MemoryUsageQueries","1.0","1","engine_inventory_not_project_enablement","Engine/Plugins/MemoryUsageQueries/MemoryUsageQueries.uplugin",,"False","False","False",,"adb744b675877c12cde4fef185398e0503804ef54f1c7430865d10f0bb07dff3"
"MeshLODToolset","0.1","1","engine_inventory_not_project_enablement","Engine/Plugins/Editor/MeshLODToolset/MeshLODToolset.uplugin",,,"False","True",,"5b427eea767dce4ca468b17206f26d945297f2de3f699b007bb3e792e3b9be06"
"MeshModelingToolset","0.1","1","engine_inventory_not_project_enablement","Engine/Plugins/Runtime/MeshModelingToolset/MeshModelingToolset.uplugin",,,"False","True",,"3af0bcd77a7995ae1872dbf174b553e737fe53b3d6e2ef36ed10f3d2ef5436b7"
"MeshModelingToolsetExp","0.1","1","engine_inventory_not_project_enablement","Engine/Plugins/Experimental/MeshModelingToolsetExp/MeshModelingToolsetExp.uplugin",,,"False",,"True","f7c896ebee0eda10c5aed7a9dc35f4dd1ec97b590eb0d2bae65d988556a6477c"
"MeshPainting","1.0","1","engine_inventory_not_project_enablement","Engine/Plugins/MeshPainting/MeshPainting.uplugin",,"True","False","False","False","1ad85a1bb4d2368d39271e6b988f85f1e1f31939e131b99e027b944de3013eed"
"MeshPartition","1.0","1","engine_inventory_not_project_enablement","Engine/Plugins/Experimental/MeshPartition/MeshPartition.uplugin",,,"False","False","True","b07d57ec6d8f5c9f4d7194ea7b092f601d48d11110bc9593804eca153bc78f63"
"MeshPartitionWater","1.0","1","engine_inventory_not_project_enablement","Engine/Plugins/Experimental/MeshPartitionWater/MeshPartitionWater.uplugin",,,"False","False","True","d556dd6a3c38191a1adcc16604fd2c2906122d60b7979211e8fa2e51567455bc"
"MeshResizing","0.1","1","engine_inventory_not_project_enablement","Engine/Plugins/Experimental/MeshResizing/MeshResizing.uplugin",,"False","False",,"True","c739ab08bcead2ee5ad52f37e900ef028e0ace71d367b0599c092e276ab7c352"
"MeshTerrainMode","1.0","1","engine_inventory_not_project_enablement","Engine/Plugins/Experimental/MeshTerrainMode/MeshTerrainMode.uplugin",,"False","False","False","True","5c191703f3d77db3ea12ded234475ae612a60c17cb4f5330bdd169447e5966f8"
"MessageBusTester","1.0","1","engine_inventory_not_project_enablement","Engine/Plugins/Experimental/MessageBusTester/MessageBusTester.uplugin",,,"False","True",,"96cc95496a990245c644a6c971dc0920de043314fd9d29f4dd1f336046f7fb25"
"MessagingDebugger","1.1","1","engine_inventory_not_project_enablement","Engine/Plugins/Messaging/MessagingDebugger/MessagingDebugger.uplugin",,"False",,"True",,"449bbb371b1fe8af913d279288308fa959562bd133857472c0e23db351c6865a"
"MessagingInsights","1.0","1","engine_inventory_not_project_enablement","Engine/Plugins/Messaging/MessagingInsights/MessagingInsights.uplugin",,"False","False","False",,"d8ee6094f393afbb40ddf9ab66c0332e7adfe1d18694bae2008a2bdb36ee3b7d"
"MetaHuman","5.0.0","1","engine_inventory_not_project_enablement","Engine/Plugins/MetaHuman/MetaHumanAnimator/MetaHuman.uplugin",,,"False","False","False","193a2a11f8bc16a61145466acc2687a15dfa6cc8e2800d01e5fabf3913fbf311"
"MetaHumanAnimationTools","1.0.0","1","engine_inventory_not_project_enablement","Engine/Plugins/MetaHuman/MetaHumanAnimationTools/MetaHumanAnimationTools.uplugin",,"False","False","False","False","dcf864828eff092a609cfa67379a830cb6dae05336191c14bba6b924fffe6236"
"MetaHumanCalibrationDiagnostics","1.0.0","1","engine_inventory_not_project_enablement","Engine/Plugins/Experimental/MetaHuman/MetaHumanCalibrationDiagnostics/MetaHumanCalibrationDiagnostics.uplugin",,,"False","False","True","b2d1126ace2297bda4439aaa366523aa1364af479ccc934f09b9ce5bfdc57678"
"MetaHumanCalibrationProcessing","1.0.0","1","engine_inventory_not_project_enablement","Engine/Plugins/MetaHuman/MetaHumanCalibrationProcessing/MetaHumanCalibrationProcessing.uplugin",,,"False","False","False","31aec114858c0344e10cdd8bf86410f7b778afc2e188606aa29c60db9e488ab8"
"MetaHumanCharacter","1.0.0","1","engine_inventory_not_project_enablement","Engine/Plugins/MetaHuman/MetaHumanCharacter/MetaHumanCharacter.uplugin",,"False","False","True","False","8bbb0999550e17f333454f2548203e3da3b4152f7dd807bece72ba78e1c54eb9"
"MetaHumanCharacterUAF","0.0.1","1","engine_inventory_not_project_enablement","Engine/Plugins/Experimental/MetaHuman/MetaHumanCharacterUAF/MetaHumanCharacterUAF.uplugin",,,"False","False","True","31182a516fc0916ed1fd2ce604f207f9abcef53492a18ce1a5d3936876b4a6cc"
"MetaHumanCoreML","1.0.0","1","engine_inventory_not_project_enablement","Engine/Plugins/MetaHuman/MetaHumanCoreML/MetaHumanCoreML.uplugin",,"False","False","False","False","fad648ee78967f559ec2857465904600a9a6e55d9d2b42d3734383daae73f4b2"
"MetaHumanCoreTech","1.0.0","1","engine_inventory_not_project_enablement","Engine/Plugins/MetaHuman/MetaHumanCoreTechLib/MetaHumanCoreTech.uplugin",,"False","False","False","False","5c98f04d1be2bf173b3da5d5fecd6b82abb023e6d54158f372640d40fd83bdd5"
"MetaHumanCrowd","1.0.0","1","engine_inventory_not_project_enablement","Engine/Plugins/MetaHuman/MetaHumanCrowd/MetaHumanCrowd.uplugin",,"False","False","False","True","5e1a3f0a46a787a8ccb4d1fd6f960102d76773c66677462fc55420be65f71790"
"MetaHumanGenerator","1.0","1","engine_inventory_not_project_enablement","Engine/Plugins/Experimental/Toolsets/MetaHumanGenerator/MetaHumanGenerator.uplugin",,"False","False","False","True","8c70bd94720a35d20db8983a4ca3781fd89792498ae1a7cb5751ab540fca7497"
"MetaHumanLiveLink","1.0.0","1","engine_inventory_not_project_enablement","Engine/Plugins/MetaHuman/MetaHumanLiveLink/MetaHumanLiveLink.uplugin","",,,,"False","7a0dd95cf75714fb82461c3a1f9915a9a790ca2c8ba52b8374507f9275f615d7"
"MetaHumanRuntime","1.0","1","engine_inventory_not_project_enablement","Engine/Plugins/Experimental/MetaHuman/MetaHumanRuntime/MetaHumanRuntime.uplugin",,"False","False","False","True","054048e50083dfa4bf891e5a8eed042cab66a61f1c71af5190a0dc1b7a390905"
"MetaHumanSDK","1.0","1","engine_inventory_not_project_enablement","Engine/Plugins/MetaHuman/MetaHumanSDK/MetaHumanSDK.uplugin",,"True",,,"False","8b5c0abc8f7d7b07d7996c10a8e059b4134ee8380a1bb546c59253ff12ac316b"
"Metasound","1.0","1","engine_inventory_not_project_enablement","Engine/Plugins/Runtime/Metasound/Metasound.uplugin",,"True","False","False",,"da4a4ebaf2e26447c99a2742d008e1b799d5fc7c28fc154ca8732b4991c86e1e"
"MetasoundExperimental","1.0","1","engine_inventory_not_project_enablement","Engine/Plugins/Experimental/MetasoundExperimental/MetasoundExperimental.uplugin",,"False","False","False","True","8da38b817e007b3eed736b2301e57f4533483b64e237f6d496718922e39bae91"
"MfMedia","1.0","1","engine_inventory_not_project_enablement","Engine/Plugins/Media/MfMedia/MfMedia.uplugin",,"False","False","False",,"7abf29987e339b2979b7080ed0fe4a7461e3d1c82fe1cc7d306eabf65523871e"
"MicroSoftSpatialSound","1.0","1","engine_inventory_not_project_enablement","Engine/Plugins/Runtime/MicrosoftSpatialAudio/MicroSoftSpatialSound.uplugin",,,"False","False",,"73b367117085e43711a4854573626dd99b824c03dd168e37c711c57d205a38b0"
"MIDIDevice","1.0","1","engine_inventory_not_project_enablement","Engine/Plugins/Runtime/MIDIDevice/MIDIDevice.uplugin",,"False","False","True",,"eda0af9a200348dcced5999f298e8b4259d36a6bf977fa144903b2c0a3984903"
"MixedRealityCaptureFramework","1.0","1","engine_inventory_not_project_enablement","Engine/Plugins/Runtime/MixedRealityCaptureFramework/MixedRealityCaptureFramework.uplugin",,"False",,"True",,"82cafea031d11f3027dde89cdfe72897baf94b2b0b5466d85358b46f9dc7fbec"
"MJPEGDecoderElectra","1.0","1","engine_inventory_not_project_enablement","Engine/Plugins/Media/MJPEGDecoderElectra/MJPEGDecoderElectra.uplugin",,"False","False","False",,"80583ddc668facae1f2602f79f2c99d2640ee5425aefcc391d3614ca9d92721a"
"MLAdapter","0.0.1","1","engine_inventory_not_project_enablement","Engine/Plugins/AI/MLAdapter/MLAdapter.uplugin",,"False","False","False","True","961b87d8e1c4cbb6a17393a656821f3d684266237ca8e4964645508ca7fba16b"
"MLDeformerFramework","1.0","1","engine_inventory_not_project_enablement","Engine/Plugins/Animation/MLDeformer/MLDeformerFramework/MLDeformerFramework.uplugin",,,"False","False","False","c50ac1f88c7f052afd2cf8b373b11ecf2a38e54c72b2612fab8f27269c482e2b"
"MLflow","0.1","1","engine_inventory_not_project_enablement","Engine/Plugins/Experimental/MLflow/MLflow.uplugin",,,"False","False","True","0d7bbab5902000bc348e07daf2b262dfc29ee94ff0e1ddd692ba29ccce895718"
"MobileLauncherProfileWizard","1.0","1","engine_inventory_not_project_enablement","Engine/Plugins/Editor/MobileLauncherProfileWizard/MobileLauncherProfileWizard.uplugin",,"True","False","False",,"7c0888cbdefe9007b048d0dd7df560e2b476403f0205d76c66d9948c77413dad"
"MobilePatchingUtils","1.0","1","engine_inventory_not_project_enablement","Engine/Plugins/Runtime/MobilePatchingUtils/MobilePatchingUtils.uplugin",,"True","False","False",,"a990e268ea865067affae5be677faa674f4f858126d53bb01062d47a668a6cf7"
"ModelContextProtocol","1.0","1","engine_inventory_not_project_enablement","Engine/Plugins/Experimental/ModelContextProtocol/ModelContextProtocol.uplugin",,"False","False","False","True","74420534edcd6baafcb48e0af919d53b84891bdade7b97869b0ef485c3ea1518"
"ModelingToolsEditorMode","0.1","1","engine_inventory_not_project_enablement","Engine/Plugins/Editor/ModelingToolsEditorMode/ModelingToolsEditorMode.uplugin",,,"False","True",,"a09d756a40247bd9e6fb73cb9d4ca92ba11960215fcd5c77f2bb8e2bf114a0d0"
"ModelViewViewModel","1.0","1","engine_inventory_not_project_enablement","Engine/Plugins/Runtime/ModelViewViewModel/ModelViewViewModel.uplugin",,"False","False","True","False","fab29e590d80b14757b32dbb364572f0974d6e54fe3ba0483573bb69b894a732"
"ModelViewViewModelPreview","1.0","1","engine_inventory_not_project_enablement","Engine/Plugins/Editor/ModelViewViewModelPreview/ModelViewViewModelPreview.uplugin",,"False","False","True","False","842f018d75bf67e2d6b6a8f5c7b62051f4b5b2360465b84105fdcb5e1315c2a6"
"ModularGameplay","1.0","1","engine_inventory_not_project_enablement","Engine/Plugins/Runtime/ModularGameplay/ModularGameplay.uplugin",,"False","False","True",,"af12bfa22641425c6027b202efa57788586cb16692efd08b9691573046c41ef0"
"ModularViewports","0.1","1","engine_inventory_not_project_enablement","Engine/Plugins/Runtime/ModularViewports/ModularViewports.uplugin",,"False","False",,"True","dd03ccc90f440a851742bce8780f669c2d0602fb73ceda48476b830e2043c195"
"MotionTrajectory","0.1","1","engine_inventory_not_project_enablement","Engine/Plugins/Experimental/Animation/MotionTrajectory/MotionTrajectory.uplugin",,"False","False","False","True","d6cc67a4f1732e36fe70ac940f404ef873c54f039b020cd0b9a58e4bf7a62342"
"MotionWarping","0.1","1","engine_inventory_not_project_enablement","Engine/Plugins/Animation/MotionWarping/MotionWarping.uplugin",,"False","False","True","False","6c18662f415853ae219b0f35d2ca28013b4d04e43c0f7f73463d74b247be6d26"
"MotorSimOutputMotoSynth","1","1","engine_inventory_not_project_enablement","Engine/Plugins/Experimental/MotorSimOutputMotoSynth/MotorSimOutputMotoSynth.uplugin",,,"False",,"True","5029f13bd11e0f0c7d689d3d17cf5bf25cd6476cb86a50f6623eaab2247b1034"
"MotoSynth","1","1","engine_inventory_not_project_enablement","Engine/Plugins/Experimental/MotoSynth/MotoSynth.uplugin",,"False","False",,"True","7477694f6423212cc956245672c31765697bce1cc550b3453eccc49c422cc0fe"
"Mover","1.0","1","engine_inventory_not_project_enablement","Engine/Plugins/Experimental/Mover/Mover.uplugin",,,"False","False","True","8cace4020831cc81c9e725736d35e626177541596b5f8f28e7f434a76656f1ba"
"MoverAnimNext","1.0","1","engine_inventory_not_project_enablement","Engine/Plugins/Experimental/MoverAnimNext/MoverAnimNext.uplugin",,,"False","False","True","23e40fa354d9ef3e973106bfb96a74ce840887416e759c68305a5bdcfd7e32db"
"MoverExamples","0.1","1","engine_inventory_not_project_enablement","Engine/Plugins/Experimental/MoverExamples/MoverExamples.uplugin",,"False","False","False","True","9d479dad854e521a1749ae301d9127cffe7dca6e82b1bd1213661444a27b6ed0"
"MoverIntegrations","1.0","1","engine_inventory_not_project_enablement","Engine/Plugins/Experimental/MoverIntegrations/MoverIntegrations.uplugin",,,"False","False","True","23b51558bf06213ed2ecf6938a480a20eda8dca9fae1b78ab1e7aac2bd4af1e0"
"MoverTests","1.0","1","engine_inventory_not_project_enablement","Engine/Plugins/Experimental/MoverTests/MoverTests.uplugin",,,"False","False","True","e1598e6ffc573e8311e70d9b9b7f3f246b6fffd9a858d97e4309db49ea2998f1"
"MoviePipelineMaskRenderPass","1.0","1","engine_inventory_not_project_enablement","Engine/Plugins/MovieScene/MoviePipelineMaskRenderPass/MoviePipelineMaskRenderPass.uplugin",,"False","False","True","False","704ae8bd0c7945f06322338cbd6816bb8e3e83564d1a49a8c94301ae3d53599f"
"MovieRenderPipeline","1.3","1","engine_inventory_not_project_enablement","Engine/Plugins/MovieScene/MovieRenderPipeline/MovieRenderPipeline.uplugin",,"False","False","False",,"34b519b2452766fad7f61d035c3320c5e4ed28121226f30ba5e1f5d34515b5e0"
"MovieSceneAnimMixer","0.1","1","engine_inventory_not_project_enablement","Engine/Plugins/Experimental/MovieSceneAnimMixer/MovieSceneAnimMixer.uplugin",,"False","False","False","True","69f21fa2676513065eabea269af268c0763f6991f3d99a14716c1ac9ee39510c"
"MovieSceneMixedControlRig","0.1","1","engine_inventory_not_project_enablement","Engine/Plugins/Experimental/MovieSceneMixedControlRig/MovieSceneMixedControlRig.uplugin",,"False","False","False","True","3ce089d16656e84913d494e3de00b05d92788658b994fd1ec2cc8124546a3346"
"MovieScenePoseSearchTracks","0.1","1","engine_inventory_not_project_enablement","Engine/Plugins/Experimental/MovieScenePoseSearchTracks/MovieScenePoseSearchTracks.uplugin",,"False","False","False","True","c5625f9d727dede6b5b9867a25f4f573cc9f04d1770e75b6596007645c8c21ea"
"MovieSceneTextTrack","1.0","1","engine_inventory_not_project_enablement","Engine/Plugins/MovieScene/MovieSceneTextTrack/MovieSceneTextTrack.uplugin",,,"False","False","True","be571ef750e0e20936e6caa92e121fc2b0695a403f4fcbea49f3ab67ed533de7"
"MP4Utilities","1.0","1","engine_inventory_not_project_enablement","Engine/Plugins/Media/MP4Utilities/MP4Utilities.uplugin",,"False","False",,,"572894558fffe5622d60e9a907023b29d9a4b6ed6185da97c2841f0b0d7771c9"
"MQTT","1.0","1","engine_inventory_not_project_enablement","Engine/Plugins/Protocols/MQTT/MQTT.uplugin",,"False",,"False","True","7fc74bb47cee02d16775aba550016d204de5b7aa246fdb69035de9c886c40fdf"
"MSGameOSSSelector","0.1","1","engine_inventory_not_project_enablement","Engine/Plugins/Runtime/Windows/MSGameOSSSelector/MSGameOSSSelector.uplugin",,"False","False","True",,"e6785fec66081c6d6f960f94b9af2f8ce214e19225616f5ce2ef8093f9ea6214"
"MSGameStore","0.1","1","engine_inventory_not_project_enablement","Engine/Plugins/Runtime/Windows/MSGameStore/MSGameStore.uplugin",,"False","False",,,"812b2ac0e4b01e31830902a0781e71db686f6e97d2295bb9e71d3ea0b416e7f3"
"MSGamingRuntime","0.1","1","engine_inventory_not_project_enablement","Engine/Plugins/Runtime/Windows/MSGamingRuntime/MSGamingRuntime.uplugin",,"False","False",,,"6dd015cb0063dd2de6afd4f59d5a66c64fee8f7e852f9fff61f196ec285c84d1"
"MSGamingSupport","0.1","1","engine_inventory_not_project_enablement","Engine/Plugins/Runtime/Windows/MSGamingSupport/MSGamingSupport.uplugin",,"False","False",,,"340771f1a5992bdb2a9be2e35564ea3a5e8a266de038ede905b586e32cad7e5b"
"MsQuic","1.0","1","engine_inventory_not_project_enablement","Engine/Plugins/Runtime/MsQuic/MsQuic.uplugin",,"True","False","False",,"9149adc3e4dd2004d90a7a4f8c77f8886c1c2433f306b85112312b99649d9092"
"MultiServerReplication","1.0","1","engine_inventory_not_project_enablement","Engine/Plugins/Runtime/MultiServerReplication/MultiServerReplication.uplugin",,"False","False",,"True","47ff4678c5d261688d28ef7303c406b20c09aa2ee8be404cef3e02a5ea8c0a18"
"MultiUserClient","0.2","1","engine_inventory_not_project_enablement","Engine/Plugins/Developer/Concert/ConcertApp/MultiUserClient/MultiUserClient.uplugin",,"False","False","True","False","9e2ca6c01a69179ff9e0fca242b50053b9770f89907e05c3586b8c9a5f61ecde"
"MultiUserServer","0.2","1","engine_inventory_not_project_enablement","Engine/Plugins/Developer/Concert/ConcertApp/MultiUserServer/MultiUserServer.uplugin",,"False","False","True",,"69a356acc5577b17af8fd7d301a482844ca2f7630189252b3962bfcbacbfcfd3"
"MultiUserTakes","1.0","1","engine_inventory_not_project_enablement","Engine/Plugins/VirtualProduction/MultiUserTakes/MultiUserTakes.uplugin",,,"False","False",,"07476eecb8200403ca2aa9526125d857e22da8e34bfb00581e1c2260f5c2c75d"
"MusicEnvironment","1.0","1","engine_inventory_not_project_enablement","Engine/Plugins/Runtime/MusicEnvironment/MusicEnvironment.uplugin",,"False","False","True","True","397f81dd4d8a09bce6b6986b31482f8a4c687b640cd9d18ba2c00693f6917623"
"Mutable","1.8.0","1","engine_inventory_not_project_enablement","Engine/Plugins/Mutable/Mutable.uplugin",,"False",,"True","False","dff412c3e1bc9e633aa27f61c9a83fb8bbe2f3cafb9f981dd7d60fc869bc1aa5"
"MutableAssetUserData","0.1","1","engine_inventory_not_project_enablement","Engine/Plugins/Experimental/MutableAssetUserData/MutableAssetUserData.uplugin",,"True","False","False","True","0723c3a06cb76a15ad9dce7a0e5928151a0767dec93c5a2e75f3a6a100ce02f4"
"MutableClothing","1.0","1","engine_inventory_not_project_enablement","Engine/Plugins/Experimental/MutableClothing/MutableClothing.uplugin",,"False","False","False","True","f7f51c5ad4741a6f7133780ecec58c0767d040f6a0b4cad3fbd1eb97dcbf8a7c"
"MutableDataflow","0.1","1","engine_inventory_not_project_enablement","Engine/Plugins/Experimental/MutableDataflow/MutableDataflow.uplugin",,"False","False","False","True","2d65007218262cb378114304a5ece29d72755196790a96f75a6c7f9e60d318d7"
"MutableExtensionExample","0.1","1","engine_inventory_not_project_enablement","Engine/Plugins/Experimental/MutableExtensionExample/MutableExtensionExample.uplugin",,"False","False","False","True","b79404760d3bc2aaa87fd83a827561e8d4437d9a330b42c80ee14a8cf2721322"
"MutablePopulation","1.8.0","1","engine_inventory_not_project_enablement","Engine/Plugins/Experimental/MutablePopulation/MutablePopulation.uplugin",,"False",,"False","True","361c0c214f151626a25dcd47b785b48cc6e09368bf0d2f0ce2839058179f7ca0"
"MVVMToolset","1.0","1","engine_inventory_not_project_enablement","Engine/Plugins/Experimental/Toolsets/MVVMToolset/MVVMToolset.uplugin",,"False",,,"True","fc7a314e03e7bfe56831d91c6aff976893cc80e16e6da6e353a2b7b649639553"
"N10XSourceCodeAccess","1.0","1","engine_inventory_not_project_enablement","Engine/Plugins/Developer/N10XSourceCodeAccess/N10XSourceCodeAccess.uplugin",,"True","False","False",,"4f2b88641c00b1d57e9e61627ec71d70e5c98486fb4f1f24a458e9f28557cf2d"
"NamingTokens","1.0","1","engine_inventory_not_project_enablement","Engine/Plugins/Developer/NamingTokens/NamingTokens.uplugin",,,"False","False","True","2859ac6c9f3e60b8296473745ea7e913d822014219503265bf9cfe18178e5415"
"NaniteAssemblyEditorUtils","0.1","1","engine_inventory_not_project_enablement","Engine/Plugins/Experimental/NaniteAssemblyEditorUtils/NaniteAssemblyEditorUtils.uplugin",,"False","False",,"True","9063999b02b34dcdf21c680046828307628b84ae289b59cb5830fba9b7693716"
"NaniteDisplacedMesh","0.1","1","engine_inventory_not_project_enablement","Engine/Plugins/Experimental/NaniteDisplacedMesh/NaniteDisplacedMesh.uplugin",,"False","False","True",,"1084dfc1ffe20bf505c683c53b0a2ea79d9f3e21ef1ff5f281801aa891e45a51"
"NavCorridor","0.1","1","engine_inventory_not_project_enablement","Engine/Plugins/Runtime/NavCorridor/NavCorridor.uplugin",,"False","False","False","True","137a6e40b24a854354079b9fbb463dfb066e0533173898dee4dcde7552cdbe88"
"NDIMedia","1.0","1","engine_inventory_not_project_enablement","Engine/Plugins/Media/NDIMedia/NDIMedia.uplugin",,"False",,"False","True","c45e76ece37d97cb1cc41507f2e693d9e7a412fb772a329aeefd7e36cf1df53c"
"nDisplay","1.0","1","engine_inventory_not_project_enablement","Engine/Plugins/Runtime/nDisplay/nDisplay.uplugin",,"False","False","False",,"62f63a8f0bf515841fce92f12207e540fb511ce0b694c2e00f7c7b71a0c7e7e0"
"nDisplayModularFeatures","1.0","1","engine_inventory_not_project_enablement","Engine/Plugins/Runtime/nDisplayModularFeatures/nDisplayModularFeatures.uplugin",,,"False","True",,"f88ae77d7745dd363faa4ead25d175f3aa0fdbc5874c9d6e378fa1f957ca9926"
"NearestNeighborModel","0.3","1","engine_inventory_not_project_enablement","Engine/Plugins/Animation/MLDeformer/NearestNeighborModel/NearestNeighborModel.uplugin",,,"False","True","False","96d75e1f335408f0147d8a92f4e48f0167159cee6cfc49623a17490a3e8dc9a7"
"NetcodeUnitTest","1.0","1","engine_inventory_not_project_enablement","Engine/Plugins/NetcodeUnitTest/NetcodeUnitTest/NetcodeUnitTest.uplugin",,"False","False","False",,"dc86d1f39733306e3f7e4ac9115730f63ed447533bd3b3a3b645580cf590a3b0"
"NetworkPrediction","0.1","1","engine_inventory_not_project_enablement","Engine/Plugins/Runtime/NetworkPrediction/NetworkPrediction.uplugin",,"False","False","True",,"1141ba439100a520c3d0e7b7351278f3877be72c6224044e09c9b386a24e311e"
"NetworkPredictionExtras","0.1","1","engine_inventory_not_project_enablement","Engine/Plugins/Runtime/NetworkPredictionExtras/NetworkPredictionExtras.uplugin",,"False","False","True",,"6a4e15ad25861efcfbfe7c0ec1103e0e49411892f3959c38c6fee06d920d649d"
"NetworkPredictionInsights","1.0","1","engine_inventory_not_project_enablement","Engine/Plugins/Runtime/NetworkPredictionInsights/NetworkPredictionInsights.uplugin",,"False","False","False",,"71af42abd4204d42b678479a20d1e054d0a095573e0af7a734272d1ccf7c8244"
"NetworkServiceDiscovery","1.0","1","engine_inventory_not_project_enablement","Engine/Plugins/Experimental/NetworkServiceDiscovery/NetworkServiceDiscovery.uplugin",,"False","False","True",,"95e13ec2dbf7055bd6cf6faf01ff9dd45c7f856f176eeae8a2afe3fe428755cc"
"NeuralMorphModel","1.0","1","engine_inventory_not_project_enablement","Engine/Plugins/Animation/MLDeformer/NeuralMorphModel/NeuralMorphModel.uplugin",,,"False","False","False","3b104e4e8c7105957a08b691575011498c4da16d6997289daef6da13802bc6d9"
"NeuralRendering","0.1","0.1","engine_inventory_not_project_enablement","Engine/Plugins/Experimental/NeuralRendering/NeuralRendering.uplugin",,"False","False","False","True","21d4c401988e792b7d0782175c45c7236fe893400b3b739923d02274dd87f485"
"NFORDenoise","1.0","1","engine_inventory_not_project_enablement","Engine/Plugins/Experimental/NFORDenoise/NFORDenoise.uplugin",,"True","False","False","True","fd3883a67245da0457c6bff3723537fda3aa9206b7a32d16efa3245adaf5ab8c"
"Niagara","1.0","1","engine_inventory_not_project_enablement","Engine/Plugins/FX/Niagara/Niagara.uplugin",,"True","False","False",,"c719837e3542eab8ff412bbe5ce45b94615cae634720186b93d1775f846a0350"
"NiagaraFluids","1.0","1","engine_inventory_not_project_enablement","Engine/Plugins/FX/NiagaraFluids/NiagaraFluids.uplugin",,,"False","True","False","34bc0cd7428d27e729b1d36ef6f07843bc5541e584ea2cc49611e631629eeb46"
"NiagaraInsights","1.0","1","engine_inventory_not_project_enablement","Engine/Plugins/FX/NiagaraInsights/NiagaraInsights.uplugin",,"True","False","False",,"1539b98c41d3edaad3a01b64bcf1631392f6985d6dcc8df16413317f181f9b6a"
"NiagaraMRQ","1.0","1","engine_inventory_not_project_enablement","Engine/Plugins/FX/NiagaraMRQ/NiagaraMRQ.uplugin",,"False","False","True","False","7cd26b6076a99634eea20f49534325726603764d2f055e8056623d45620899f2"
"NiagaraNanite","1.0","1","engine_inventory_not_project_enablement","Engine/Plugins/FX/NiagaraNanite/NiagaraNanite.uplugin",,"False","False","False","True","5ee011c87232fde22e6f08f03b5216618536bbd4690ed62f0dec973660cb07e4"
"NiagaraPreviewContent","1.0","1","engine_inventory_not_project_enablement","Engine/Plugins/FX/NiagaraPreviewContent/NiagaraPreviewContent.uplugin",,"True","False","False","False","78226f72e9cae202468bec0df2230a16d3da8acfd1e1306b77beecce94781a99"
"NiagaraSimCaching","1.0","1","engine_inventory_not_project_enablement","Engine/Plugins/FX/NiagaraSimCaching/NiagaraSimCaching.uplugin",,"True","False","False","False","bae9b9628e6ec0520ac593aee49b7161d94680774b3ef73e7c0678fdefeb35cd"
"NiagaraToolsets","1.0","1","engine_inventory_not_project_enablement","Engine/Plugins/Experimental/Toolsets/NiagaraToolsets/NiagaraToolsets.uplugin",,"False","False","False","True","f28f8af480d0c3807f36b8a56c127e4166be809d92d8797479ef90b5bb358075"
"NiagaraUIRenderer","1.0","1","engine_inventory_not_project_enablement","Engine/Plugins/FX/NiagaraUIRenderer/NiagaraUIRenderer.uplugin",,,"False","False","True","17d961c903386c0730d553ee653fe39c63714434e7ceb826187ecb9ef57fe76e"
"NNEDenoiser","1.0","1","engine_inventory_not_project_enablement","Engine/Plugins/NNE/NNEDenoiser/NNEDenoiser.uplugin",,"True","False","True","False","10a1189b0e2a7f43bbd5d75091ce4218d4f38ef4a7f82ea8aed6701620820c14"
"NNEModelTests","0.1","1","engine_inventory_not_project_enablement","Engine/Plugins/Experimental/NNE/NNEModelTests/NNEModelTests.uplugin",,"False","False","False","True","f9cc0fddce8344f1e55e4a6540beb509693e8e1c4bbca1bf5b73db14c2fa16f3"
"NNERuntimeBasicCpu","0.1","0.1","engine_inventory_not_project_enablement","Engine/Plugins/Experimental/NNERuntimeBasicCpu/NNERuntimeBasicCpu.uplugin",,"False","False","False","True","07cfc284d7a214192505fe46e13f1455f598862164050bbd6979e3e4cfd938be"
"NNERuntimeCoreML","0.1","1","engine_inventory_not_project_enablement","Engine/Plugins/Experimental/NNERuntimeCoreML/NNERuntimeCoreML.uplugin",,"False","False","False","True","12d6f418e21a2e1eac5e9203c589c971d3039b54790a518a5bebcf28cf4d86cd"
"NNERuntimeIREE","0.1","0.1","engine_inventory_not_project_enablement","Engine/Plugins/Experimental/NNERuntimeIREE/NNERuntimeIREE.uplugin",,,"False","False","True","1ecb0493fb7fe0dcc87547f31dafafc65aa9368bcd59806feb7d83eb8a4e0a5e"
"NNERuntimeORT","1.0","1","engine_inventory_not_project_enablement","Engine/Plugins/NNE/NNERuntimeORT/NNERuntimeORT.uplugin",,"False","False","True","False","26d241e4da0da793f15eff47afc87bde31caf164d0fc07b2b23755cee6014ecb"
"NNERuntimeRDG","0.1","0.1","engine_inventory_not_project_enablement","Engine/Plugins/Experimental/NNERuntimeRDG/NNERuntimeRDG.uplugin",,"False","False","False","True","98598c7a5d26600a4eec3d5dfa7b8fc06a4307891418808b8d148373f09dc09a"
"NullSourceCodeAccess","1.0","1","engine_inventory_not_project_enablement","Engine/Plugins/Developer/NullSourceCodeAccess/NullSourceCodeAccess.uplugin",,"True","False","False",,"c8c5db840cb32464eb0ed3ef10073fb3955b240e00e8adcac9092aef016b0698"
"NUTUnrealEngine","1.0","1","engine_inventory_not_project_enablement","Engine/Plugins/NetcodeUnitTest/NUTUnrealEngine/NUTUnrealEngine.uplugin",,"False","False","False",,"8d260609b2ae94cfd2cc0c75c12fcb043531936c8269580ce58e68a25678576b"
"NVCodecs","0.1","1","engine_inventory_not_project_enablement","Engine/Plugins/Experimental/AVCodecs/NVCodecs/NVCodecs.uplugin",,"False","False",,"True","a61934791a1da9bbd4f761012ba7d4cb906af9bfb19042ddd135071febda17c0"
"NVDECElectra","0.1","1","engine_inventory_not_project_enablement","Engine/Plugins/Media/NVDECElectra/NVDECElectra.uplugin",,"False","False","True","True","c862ec5a58eb49cc6df6d4628b96b49f8105dd8ad14d968c377d2a63726d82ed"
"ObjectMixer","1.0","1","engine_inventory_not_project_enablement","Engine/Plugins/Editor/ObjectMixer/ObjectMixer/ObjectMixer.uplugin",,"True",,"True","False","30e50fa66f70c1ef627705b8c3fdad1aeaa985caa03ded23c0253f29c48be127"
"OneSkyLocalizationService","0.5","1","engine_inventory_not_project_enablement","Engine/Plugins/Developer/OneSkyLocalizationService/OneSkyLocalizationService.uplugin",,"False","False","True",,"92c891c08f472ea1c919c40a14b2eb81c40300bf53ca2e569b5a467b8e70763c"
"OnlineBase","1.0","1","engine_inventory_not_project_enablement","Engine/Plugins/Online/OnlineBase/OnlineBase.uplugin",,"True",,,,"548582891c50755dbc5b4aa379a8cc323400150ce7fe9d80499299a1bfa8eb12"
"OnlineFramework","1.0","2","engine_inventory_not_project_enablement","Engine/Plugins/Online/OnlineFramework/OnlineFramework.uplugin",,"False",,,,"52f9474453505ed715f96d7ff589c98c0f5d37d92a27c93f0f8cc45c388c2256"
"OnlineFrameworkCommon","1.0","1","engine_inventory_not_project_enablement","Engine/Plugins/Online/OnlineFrameworkCommon/OnlineFrameworkCommon.uplugin",,"False","False","True",,"71ecfa5f61acc263bf405094bd7e081ab71cb81eaf2d0f61bc7f5a1346792acf"
"OnlineServices","1.0","1","engine_inventory_not_project_enablement","Engine/Plugins/Online/OnlineServices/OnlineServices.uplugin",,"False",,,,"d28c8e501bd1dee9edf6ae382dd9298dd5d3e9ce03a341faa862be6c556187f2"
"OnlineServicesEOS","1.0","1","engine_inventory_not_project_enablement","Engine/Plugins/Online/OnlineServicesEOS/OnlineServicesEOS.uplugin",,"False",,,,"a83e1a0e4e5efcfd280c8c8d38d22b16c2c29bc6d008c109fb09655139efb618"
"OnlineServicesEOSGS","1.0","1","engine_inventory_not_project_enablement","Engine/Plugins/Online/OnlineServicesEOSGS/OnlineServicesEOSGS.uplugin",,"False",,,,"abbad9f45cf441b8e22959bd2bc58577028eabf6bc8044b676d1f1cf2b6faaec"
"OnlineServicesEpicCommon","1.0","1","engine_inventory_not_project_enablement","Engine/Plugins/Online/OnlineServicesEpicCommon/OnlineServicesEpicCommon.uplugin",,"False",,,,"c194cf5fe4cb5c47e6d441d8e5c6547bd0b009544e6e1fc42f46d5f661b85e26"
"OnlineServicesNull","1.0","1","engine_inventory_not_project_enablement","Engine/Plugins/Online/OnlineServicesNull/OnlineServicesNull.uplugin",,"False",,,,"b67377d6585fdf1d41aaefbc9b83aa708a1181ae76f71c70260ff89c2d841fa5"
"OnlineServicesOSSAdapter","1.0","1","engine_inventory_not_project_enablement","Engine/Plugins/Online/OnlineServicesOSSAdapter/OnlineServicesOSSAdapter.uplugin",,"False",,,,"0b4da20a5d090e8c0ebdbe443d47cda2b6b70b15a755953a182fb6f7f237c8b0"
"OnlineServicesXbl","1.0","1","engine_inventory_not_project_enablement","Engine/Plugins/Online/Microsoft/OnlineServicesXbl/OnlineServicesXbl.uplugin",,"False",,,,"3207b155abef7afeb4ab275dcf423ba396bdcca4dab7578bbb78bf2d4a569525"
"OnlineSubsystem","1.0","1","engine_inventory_not_project_enablement","Engine/Plugins/Online/OnlineSubsystem/OnlineSubsystem.uplugin",,"True",,,,"7eaa206c5060f90ab7b860a856f398187a4920bdc040a23cbeebe0fd4c8b0d06"
"OnlineSubsystemAmazon","1.0","1","engine_inventory_not_project_enablement","Engine/Plugins/Online/OnlineSubsystemAmazon/OnlineSubsystemAmazon.uplugin",,"False",,,,"6a9d0d8a9604342fee255fad64e1ba7cafae5248971179b7ce8fb69c00c22873"
"OnlineSubsystemApple","1.0","1","engine_inventory_not_project_enablement","Engine/Plugins/Online/OnlineSubsystemApple/OnlineSubsystemApple.uplugin",,"False",,,,"5edae7ddd13af0495fcee92c84956a833419476abedb04a24bc32653e9373a35"
"OnlineSubsystemEOS","1.0","1","engine_inventory_not_project_enablement","Engine/Plugins/Online/OnlineSubsystemEOS/OnlineSubsystemEOS.uplugin",,"False",,"False",,"c3ed6bb244c0cbc7444ecce0559428c771193fd80d392b6d6a0bca1fd6d9bae0"
"OnlineSubsystemFacebook","1.0","1","engine_inventory_not_project_enablement","Engine/Plugins/Online/OnlineSubsystemFacebook/OnlineSubsystemFacebook.uplugin",,"False",,,,"01a10007c988adf06b8b22c9e96231ef35581d292442dcbc366dbf4d8262f452"
"OnlineSubsystemGDK","1.0","1","engine_inventory_not_project_enablement","Engine/Plugins/Online/Microsoft/OnlineSubsystemGDK/OnlineSubsystemGDK.uplugin",,"False",,,,"f000a75fd7bf1a43b68d1a1d604e6099bbbe50d9e535a6b74fae1e160324c5e6"
"OnlineSubsystemGoogle","1.0","1","engine_inventory_not_project_enablement","Engine/Plugins/Online/OnlineSubsystemGoogle/OnlineSubsystemGoogle.uplugin",,"False",,,,"32122da2d2e7989a171c889451f73859ffd9607fdbf27eb3972d78049588b84d"
"OnlineSubsystemGooglePlay","1.0","1","engine_inventory_not_project_enablement","Engine/Plugins/Online/Android/OnlineSubsystemGooglePlay/OnlineSubsystemGooglePlay.uplugin",,"True",,,,"92b1d39408425d1db7d248279feddefd3c5b7c6bb861987d310872625c79355a"
"OnlineSubsystemIOS","1.0","1","engine_inventory_not_project_enablement","Engine/Plugins/Online/IOS/OnlineSubsystemIOS/OnlineSubsystemIOS.uplugin",,"True",,,,"f773ebc6562ec8970e9bf8f0dbdca7d93b1df38a9af08a2efc39e6f24476ad80"
"OnlineSubsystemNull","1.0","1","engine_inventory_not_project_enablement","Engine/Plugins/Online/OnlineSubsystemNull/OnlineSubsystemNull.uplugin",,"True",,,,"11ac96de7926cff8984fb6316e71bc2f5aba2093b40d63d5e60825746610bf90"
"OnlineSubsystemSteam","1.2","1.2","engine_inventory_not_project_enablement","Engine/Plugins/Online/OnlineSubsystemSteam/OnlineSubsystemSteam.uplugin",,"False",,,,"e4aa7d0c98910292c3e734f56084056379e03b5dbb745fc301f17b5a891913cd"
"OnlineSubsystemTencent","1.0","1","engine_inventory_not_project_enablement","Engine/Plugins/Online/OnlineSubsystemTencent/OnlineSubsystemTencent.uplugin",,"False",,,,"22adc7768c231e3f8289641329773e099252a1685a35eb949ccb53d9bb6a42ec"
"OnlineSubsystemUtils","1.0","1","engine_inventory_not_project_enablement","Engine/Plugins/Online/OnlineSubsystemUtils/OnlineSubsystemUtils.uplugin",,"True",,,,"326e9c9adcedd913f0b3962ed594128dec178b8a5ad6dcf02d3efa6613cd9386"
"OodleNetwork","1.0","1","engine_inventory_not_project_enablement","Engine/Plugins/Compression/OodleNetwork/OodleNetwork.uplugin",,"True","False","False",,"35cff91e6d4efb7293fb14ed9971f8b2dfd8c0ada5dec0ff5bc2324b1c2d761c"
"OpenColorIO","0.1","0.1","engine_inventory_not_project_enablement","Engine/Plugins/Compositing/OpenColorIO/OpenColorIO.uplugin",,"False","False","True",,"2ea593830f28832f87f773c570f27fbcae3620bd048791f23a78940c7332bced"
"OpenCV","1.0","1","engine_inventory_not_project_enablement","Engine/Plugins/Runtime/OpenCV/OpenCV.uplugin",,"False","False","True",,"3c50e257d625fe34e5004def6abbdf5e21cae5c825c19f247a8ae66d19a1cb21"
"OpenCVLensDistortion","1.0","1","engine_inventory_not_project_enablement","Engine/Plugins/Compositing/OpenCVLensDistortion/OpenCVLensDistortion.uplugin",,"False","False","True",,"c2dfeb4ec53ab2b76444c1d27d0ec2daa9b79774e134b10244de51ff02580089"
"OpenImageDenoise","1.0","1","engine_inventory_not_project_enablement","Engine/Plugins/Experimental/OpenImageDenoise/OpenImageDenoise.uplugin",,"False","False","False",,"b607b8f126b17401ee948af92b6552882a745b3b9eb590cbe5ff92e6f038bd3e"
"OpenXR","1.0","1","engine_inventory_not_project_enablement","Engine/Plugins/Runtime/OpenXR/OpenXR.uplugin",,"False","False","False",,"e60abfca16f1c284074602c81e02aaa9c5e0717ba6f7fdddf342efd902e5cd29"
"OpenXREyeTracker","1.0","1","engine_inventory_not_project_enablement","Engine/Plugins/Runtime/OpenXREyeTracker/OpenXREyeTracker.uplugin",,"False","False","False",,"c371a523b6174d12e077a322ddad77731fa95bc5e31da5ec55c432e66ad755d2"
"OpenXRHandTracking","1.0","1","engine_inventory_not_project_enablement","Engine/Plugins/Runtime/OpenXRHandTracking/OpenXRHandTracking.uplugin",,"False","False","False",,"0dd6d5dc9f3ca81d64e1275cacfb69e60734f8810a7c2d62448e0c80b94b41cd"
"OpenXRMsftHandInteraction","1.0","1","engine_inventory_not_project_enablement","Engine/Plugins/Runtime/OpenXRMsftHandInteraction/OpenXRMsftHandInteraction.uplugin",,"False","False","False",,"4807026496e74fcd49a320ab8880066f272c783eb2788f4d08eed58e9356dd54"
"OpenXRViveTracker","1.0","1","engine_inventory_not_project_enablement","Engine/Plugins/Runtime/OpenXRViveTracker/OpenXRViveTracker.uplugin",,"False","False","True",,"f7bf1fcd7e37a1b8b50fed78db3d794c257125fa8e7a88465a89e6e8d575e8e6"
"OperatorStack","1.0","1","engine_inventory_not_project_enablement","Engine/Plugins/VirtualProduction/OperatorStack/OperatorStack.uplugin",,,"False",,,"8694f910bc2a6e62dcaeeaca1805cc4914185ce3d7269969f7e4e6de1a8b71e6"
"Optimus","0.1","1","engine_inventory_not_project_enablement","Engine/Plugins/Experimental/Animation/Optimus/Optimus.uplugin",,"False","False","False","True","8dd2cb74da96f5d56944c60e86e6667b2364ab6cf490e3828ca189016e9d0a6e"
"OptionalMobileFeaturesBPLibrary","1.0","1","engine_inventory_not_project_enablement","Engine/Plugins/Runtime/OptionalMobileFeaturesBPLibrary/OptionalMobileFeaturesBPLibrary.uplugin",,"False","False","False","False","243575ecae1fa884c077066ad9d0b2b0051257b00f65a5e36f6c914fcf91a1b6"
"OptiXDenoise","1.0","1","engine_inventory_not_project_enablement","Engine/Plugins/Experimental/OptiXDenoise/OptiXDenoise.uplugin",,"False","False",,"True","3d7ab2ae5073b88dab0ac6af685f88fc6af71750129762695506cf36afcac802"
"OpusDecoderElectra","1.0","1","engine_inventory_not_project_enablement","Engine/Plugins/Media/OpusDecoderElectra/OpusDecoderElectra.uplugin",,"False","False","False",,"ab50dade66334e1dc026a310bc0678d3fa40897c6a3d9c62c6a29ebf6caa875b"
"OSC","2.0","1","engine_inventory_not_project_enablement","Engine/Plugins/Runtime/OSC/OSC.uplugin",,"False","False","False",,"e1a4645d3787c4bd81f56fa3b5dab0e08eae0f9f5e2ac4d8b1d8d530c3ebe215"
"PanoramicCapture","Alpha","1.1","engine_inventory_not_project_enablement","Engine/Plugins/Experimental/PanoramicCapture/PanoramicCapture.uplugin",,"False","False","False",,"0bd28aeb46639c61aca05e9423ad234beb188ca6b1e729e6635aaafa85ace0ff"
"Paper2D","1.0","1","engine_inventory_not_project_enablement","Engine/Plugins/2D/Paper2D/Paper2D.uplugin",,"True","False","False",,"e98b22501a4fb0d91ba8efc8fb16e2b7ae107d7751a275f0dfcebdf24d603db0"
"PCG","1.0","8","engine_inventory_not_project_enablement","Engine/Plugins/PCG/PCG.uplugin",,"True","False","False",,"6309dfb08e39f55e3e40929fb9dcd9fc0d4063cfa05265e85c599e1a255342be"
"PCGBiomeCore","0.2","2","engine_inventory_not_project_enablement","Engine/Plugins/Experimental/PCGBiomeCore/PCGBiomeCore.uplugin",,"False","False","False","True","248cda3351d34dcd405363260c04ce306e78c6ea420c0c4c8ee7e86923423d90"
"PCGBiomeSample","0.2","2","engine_inventory_not_project_enablement","Engine/Plugins/Experimental/PCGBiomeSample/PCGBiomeSample.uplugin",,"False","False","False","True","7bfdb4cf0879f6568dcba9e29a15a9c0d2a7153eae045cbc3a6675cc58c1ab9a"
"PCGExternalDataInterop","0.2","1","engine_inventory_not_project_enablement","Engine/Plugins/PCGInterops/PCGExternalDataInterop/PCGExternalDataInterop.uplugin",,"False","False","True",,"3e00b59326c139bbd93e4d3490217a2c92773fa9441df2d73c70e1072a4c935d"
"PCGFastGeoInterop","0.1","1","engine_inventory_not_project_enablement","Engine/Plugins/Experimental/PCGInterops/PCGFastGeoInterop/PCGFastGeoInterop.uplugin",,"False","False","False","True","a5372f7ae6ecde157dec752cf6897ccb0eadd49f9dad024b65bdd1bcb0d43d11"
"PCGGeometryScriptInterop","0.2","1","engine_inventory_not_project_enablement","Engine/Plugins/PCGInterops/PCGGeometryScriptInterop/PCGGeometryScriptInterop.uplugin",,"False","False","True",,"38b7374731b422e11e7d1a174df4f47eaec6f996d7885d1e260cc07226bc4519"
"PCGInstancedActorsInterop","0.1","1","engine_inventory_not_project_enablement","Engine/Plugins/Experimental/PCGInterops/PCGInstancedActorsInterop/PCGInstancedActorsInterop.uplugin",,"False","False","False","True","764b0d710d10019fa3ce2f7b4eb1e3d53a5f4133823b7284104d878f9c8eec5e"
"PCGMeshPartitionInterop","1.0","1","engine_inventory_not_project_enablement","Engine/Plugins/Experimental/PCGMeshPartitionInterop/PCGMeshPartitionInterop.uplugin",,"False","False","False","True","72d53f304f71986b65b10f9f8595ee84a7d18cc7d64ed644e8b04ec2fc48430d"
"PCGNaniteAssembliesInterop","0.1","1","engine_inventory_not_project_enablement","Engine/Plugins/Experimental/PCGInterops/PCGNaniteAssembliesInterop/PCGNaniteAssembliesInterop.uplugin",,"False","False","False","True","8517c2886e1b80460810331216c80be4470a6dcfa75b33e2bef80cfed17b0cfd"
"PCGNiagaraInterop","0.1","1","engine_inventory_not_project_enablement","Engine/Plugins/Experimental/PCGInterops/PCGNiagaraInterop/PCGNiagaraInterop.uplugin",,"False","False","False","True","3225353f1df2da4a5fde2cb0174f339ea864343a3554657168c497765892911b"
"PCGPrimitives","1.0","1","engine_inventory_not_project_enablement","Engine/Plugins/Experimental/PCGPrimitives/PCGPrimitives.uplugin",,,"False","False","True","a2bb8dcc72d4c34dfd47c3aa9309902db9f125d6b9d97e8722d4ebe606aebd24"
"PCGPrimitives_MeshPartitionInterop","1.0","1","engine_inventory_not_project_enablement","Engine/Plugins/Experimental/PCGPrimitives_MeshPartitionInterop/PCGPrimitives_MeshPartitionInterop.uplugin",,,"False","False","True","e8abaaac948af4d87fd614add0fe8f3ed35d03f79feccac7df00dcb38d897d07"
"PCGPythonInterop","0.1","1","engine_inventory_not_project_enablement","Engine/Plugins/PCGInterops/PCGPythonInterop/PCGPythonInterop.uplugin",,"False","False","True",,"9f0f786ab2ef07d980ca35fab940485e1a2d078616e01fe7b2d7672a35efe278"
"PCGToolset","1.0","1","engine_inventory_not_project_enablement","Engine/Plugins/Experimental/Toolsets/PCGToolset/PCGToolset.uplugin",,"False","False","False","True","089b1fe3bf6686adfa4b2970d52d568a9fb38b749053968de5b9b4319692639e"
"PCGWaterInterop","0.1","1","engine_inventory_not_project_enablement","Engine/Plugins/Experimental/PCGInterops/PCGWaterInterop/PCGWaterInterop.uplugin",,"False","False","False","True","0fc36fee3aa53663f35a2b6886a424827137c4ef6959959a7aabf40cdd4a319c"
"PerforceSourceControl","1.0","1","engine_inventory_not_project_enablement","Engine/Plugins/Developer/PerforceSourceControl/PerforceSourceControl.uplugin",,"True","False","False",,"a0bc42bdc18e711d8296d301f699dc3a615d162261ade30a98fab184bcb100b1"
"PerformanceCaptureCore","1.0","1","engine_inventory_not_project_enablement","Engine/Plugins/Animation/PerformanceCaptureCore/PerformanceCaptureCore.uplugin",,,"False","True","False","ca397abefddee7ca77b0284f18f7549afd3552128ec1b31d779ff47905349b26"
"PerformanceCaptureWorkflow","0.2","1","engine_inventory_not_project_enablement","Engine/Plugins/VirtualProduction/PerformanceCaptureWorkflow/PerformanceCaptureWorkflow.uplugin",,,"False","True","False","61bb29170f1b43269609fd2fba98416bafb9bd43e66898a0b8aa516892d98b45"
"PerformanceMonitor","1.0","1","engine_inventory_not_project_enablement","Engine/Plugins/Performance/PerformanceMonitor/PerformanceMonitor.uplugin",,"False","False","False",,"c798eef4631541c69df34706cbc05c7e2e9cbdd59d7ef1f0ba5483fc446efd8f"
"PhysicsControl","1.0","1","engine_inventory_not_project_enablement","Engine/Plugins/Animation/PhysicsControl/PhysicsControl.uplugin",,,"False","False","False","9549e8bfb06c986865c5a8405f85e57d16854d5cbfc30df0bc315250627cba22"
"PhysicsToolsets","1.0","1","engine_inventory_not_project_enablement","Engine/Plugins/Experimental/Toolsets/PhysicsToolsets/PhysicsToolsets.uplugin",,"False","False","False","True","facd7724c2b92d3bb8f803753cb92d593ae38e605bb153162b71842c6564a17f"
"PICOController","1.0","1","engine_inventory_not_project_enablement","Engine/Plugins/Runtime/PICOController/PICOController.uplugin",,"False","False","False",,"429f8fc0747070a2e97fd26e6003e5a2d0de1c54ec2ccec3c99f28a4aefac8ac"
"PixelCapture","1.0","1","engine_inventory_not_project_enablement","Engine/Plugins/Media/PixelCapture/PixelCapture.uplugin",,"False","False","True",,"bab1a438d63a2f959fcd2d0ff4084236c5e2d5a63eaa4bd95defc9cfa2c96a60"
"PixelStreaming","1.0","1","engine_inventory_not_project_enablement","Engine/Plugins/Media/PixelStreaming/PixelStreaming.uplugin",,"False","False","False",,"ae74d8234126d1cc0e233740908b8db6d9b8858450f8ab9e5e1508b911ff6226"
"PixelStreaming2","1.0","1","engine_inventory_not_project_enablement","Engine/Plugins/Media/PixelStreaming2/PixelStreaming2.uplugin",,"False","False","False",,"609e80122117d62b6affba640ec2d10c5168a41eee16c8d9768ca145abd59ea6"
"PixelStreamingPlayer","1.0","1","engine_inventory_not_project_enablement","Engine/Plugins/Experimental/PixelStreamingPlayer/PixelStreamingPlayer.uplugin",,"False","False","True",,"056707a939e33e960bd44d351af29d707f14e8d5c1d3cc19df5a3f750fd46b85"
"PixWinPlugin","1.0","1","engine_inventory_not_project_enablement","Engine/Plugins/Developer/PixWinPlugin/PixWinPlugin.uplugin",,"True",,,,"74034c3de2bfffb0e019a307f3bf69d01886549f8d5294fbcdac0029668c98fd"
"PlainProps",,,"engine_inventory_not_project_enablement","Engine/Plugins/Experimental/PlainProps/PlainProps.uplugin",,"False",,,"True","0eb28a13645ac09acfcf785129c0690e308a64ea8a8184b77c5d0a4bca941861"
"PlainPropsEngine",,,"engine_inventory_not_project_enablement","Engine/Plugins/Experimental/PlainPropsEngine/PlainPropsEngine.uplugin",,"False",,,"True","9b54c9fab2421de6ef248ce4e451c79f013a4cbd102f86bfc76e8abbd4bbc3d7"
"PlainPropsUObject",,,"engine_inventory_not_project_enablement","Engine/Plugins/Experimental/PlainPropsUObject/PlainPropsUObject.uplugin",,"False",,,"True","a852272f51e4e6aec5702ed8a0b9ad53f397dbdb69586f71aafbe7d9374e4710"
"PlanarCut","0.1","1","engine_inventory_not_project_enablement","Engine/Plugins/Experimental/PlanarCutPlugin/PlanarCut.uplugin",,"False","False","True",,"1a86684bb69f30c37dc7c86ced2b2b630fe2a6b465609da714ec2444a3f6fdc4"
"PlasticSourceControl","1.11.0","110","engine_inventory_not_project_enablement","Engine/Plugins/Developer/PlasticSourceControl/PlasticSourceControl.uplugin",,"True","False","False",,"0d6cd65f7021359ebef7dc8b2857a2907993f146604193947cc48a119e069725"
"PlatformCrypto","1.0","1","engine_inventory_not_project_enablement","Engine/Plugins/Experimental/PlatformCrypto/PlatformCrypto.uplugin",,"True","False","False",,"5461ff6e3e9a4eeb38a7550d401f5ab3e7737fe18a431c405f20243a70c095b8"
"PlatformDLC","0.1","1","engine_inventory_not_project_enablement","Engine/Plugins/Experimental/PlatformDLC/PlatformDLC.uplugin",,"False","False","True",,"1bb0a40e026ad3c72237d900c0562a3964d6bb0240c106ddd07e201b25c99571"
"PlayerInputDebugger","0.1","1","engine_inventory_not_project_enablement","Engine/Plugins/Experimental/PlayerInputDebugger/PlayerInputDebugger.uplugin",,"False","False","True","True","d47a735f253c2abd5f930d704eb9bde2bbe1ddb2e1996feb1274a4fd064d9fe9"
"PlayFabParty","1.0","1","engine_inventory_not_project_enablement","Engine/Plugins/Online/Microsoft/PlayFabParty/PlayFabParty.uplugin",,"False",,,,"b13570ea7742ddb68f0bc41765b5c0678485addeb464d6dba9257728df0e5654"
"PluginAudit","1.0","1","engine_inventory_not_project_enablement","Engine/Plugins/Experimental/PluginAudit/PluginAudit.uplugin",,"False","False","True",,"ea1cfb531a764b8aad88b219c4d53c3e0790f4639e79492545680e4cb871a8a7"
"PluginBrowser","1.0","1","engine_inventory_not_project_enablement","Engine/Plugins/Editor/PluginBrowser/PluginBrowser.uplugin",,"True","False","False",,"e68e85a25185af94973e295c760ea55cab5bb41886ba234cd6f470a100ba36d9"
"PluginReferenceViewer","1.0","1","engine_inventory_not_project_enablement","Engine/Plugins/Experimental/PluginReferenceViewer/PluginReferenceViewer.uplugin",,"False","False","True",,"d8ee1ea641cdb29b3f074c1f8cf200dca78c1ef247bba20dd6287658a14f7a19"
"PluginTemplateTool","1.0","1","engine_inventory_not_project_enablement","Engine/Plugins/Experimental/PluginTemplateTool/PluginTemplateTool.uplugin",,"False","False","True",,"7bc9b8d0f3388b6a8a6e2e849318479811c1943c6b606aa9ab7f19ac3112ecfc"
"PluginToolset","1.0","1","engine_inventory_not_project_enablement","Engine/Plugins/Experimental/Toolsets/PluginToolset/PluginToolset.uplugin",,,"False","False","True","abf48602ce5b32cc25f394602ef676a19ef02c8156ac61c42c38a43a7203d938"
"PluginUtils","1.0","1","engine_inventory_not_project_enablement","Engine/Plugins/Developer/PluginUtils/PluginUtils.uplugin",,"True","False","False",,"c611bd3116e9bdf6185071054b28f5d36c472410f026539759ed5c6be80c40f4"
"PortableObjectFileDataSource","1.0","1","engine_inventory_not_project_enablement","Engine/Plugins/Editor/Localization/PortableObjectFileDataSource/PortableObjectFileDataSource.uplugin",,"True","False","False",,"56bedc07afca9b9f796f5127cbbcd3e7fcfe2688b7679869635cd591acb50d67"
"PoseSearch","1.0","1","engine_inventory_not_project_enablement","Engine/Plugins/Animation/PoseSearch/PoseSearch.uplugin",,"False","False",,,"d9bb82a5900d9b0b09e29b6fa7cc38eee73b8932cf15b95284de04def575f03a"
"PostProcessMaterialChainGraph","1.0","1","engine_inventory_not_project_enablement","Engine/Plugins/Experimental/PostProcessMaterialChainGraph/PostProcessMaterialChainGraph.uplugin",,,"False","False","True","53422446ec25a493dc870bbde3545147db59129ab40e27de775f3ddc22d8701c"
"PregenContent","1.0","1","engine_inventory_not_project_enablement","Engine/Plugins/Experimental/USDPregen/Templates/PregenContent/PregenContent.uplugin",,,"False",,,"33b5dfc08339aee67e54d23551c03c30717a388df58fa2a596a98c061acc6241"
"PreLoadScreenMoviePlayer","1.0","1","engine_inventory_not_project_enablement","Engine/Plugins/Runtime/PreLoadScreenMoviePlayer/PreLoadScreenMoviePlayer.uplugin",,"False","False","False",,"70f35081015aada6526e06115703c8469a911b169b3d08d74d441b202fe42642"
"ProceduralMeshComponent","1.0","1","engine_inventory_not_project_enablement","Engine/Plugins/Runtime/ProceduralMeshComponent/ProceduralMeshComponent.uplugin",,"True","False","False",,"e5349272ff487a5f1c6019f0f94f1f96f2d6c674205081dc9293db9214966f1d"
"ProceduralVegetationEditor","1.0","1","engine_inventory_not_project_enablement","Engine/Plugins/Experimental/ProceduralVegetationEditor/ProceduralVegetationEditor.uplugin",,"False","False","False","True","4f638228472d2d3f610e5c56309ece814fddfc72605e5edda149f66aeb031ad7"
"ProjectLauncher","0.1","1","engine_inventory_not_project_enablement","Engine/Plugins/Developer/ProjectLauncher/ProjectLauncher.uplugin",,"True","False","True",,"1d72f4806033e394a5b3ccf9ebaf15f596619fff0ceea8d8f9c521863f896648"
"PropertyAccessEditor","1.0","1","engine_inventory_not_project_enablement","Engine/Plugins/Runtime/PropertyAccess/PropertyAccessEditor.uplugin",,"True","False","False",,"10b2bf4d8a1d59b9f0b1b081fcc9ba4e1b9cc037c4e0019fe206c0a319336a97"
"PropertyAccessNode","1.0","1","engine_inventory_not_project_enablement","Engine/Plugins/Developer/PropertyAccessNode/PropertyAccessNode.uplugin",,"True","False","False","False","d1179f23d845c826cd22548ab4483f4b3f94cf30c2e08a2690c000bb3a55dc9b"
"PropertyAnimator","1.0","1","engine_inventory_not_project_enablement","Engine/Plugins/VirtualProduction/PropertyAnimator/PropertyAnimator.uplugin",,,"False",,,"9be6cdc9725bb1a8dcfe478274a81d081ceb5fc7545df33478ceab2a5c7d8b40"
"PropertyAnimatorCore","1.0","1","engine_inventory_not_project_enablement","Engine/Plugins/VirtualProduction/PropertyAnimatorCore/PropertyAnimatorCore.uplugin",,,"False",,,"6e025cba4e35fc6b094108cf249c28704b51d8fdb9ed9d43205212c717699ede"
"PropertyBindingUtils","0.1","1","engine_inventory_not_project_enablement","Engine/Plugins/Runtime/PropertyBindingUtils/PropertyBindingUtils.uplugin",,"False","False","True",,"180b7c732c1907a8e3bb6c65cd9c1f417e6b5795133ed3b2e885fbfbe619c0c8"
"ProxyLODPlugin","0.1","1","engine_inventory_not_project_enablement","Engine/Plugins/Editor/ProxyLODPlugin/ProxyLODPlugin.uplugin",,"False","False","True",,"dcccabf06824b449b6b9c6ff2c4d513a441582c567a6a4552afb8105b44898f4"
"PSDImporter","1.0","1","engine_inventory_not_project_enablement","Engine/Plugins/Experimental/PSDImporter/PSDImporter.uplugin",,,"False","False","True","94525ea39b596803e2bc358eeb65009562dd46038737b0db7f1f8b9365dea94b"
"PSDImporterMaterialDesignerBridge","1.0","1","engine_inventory_not_project_enablement","Engine/Plugins/Experimental/PSDImporterMaterialDesignerBridge/PSDImporterMaterialDesignerBridge.uplugin",,,"False","False","True","57cc56a52377c43c3817a1745079c1f3985fb74fca065ba7875f5f7c8966431d"
"PythonAutomationTest","1.0","1","engine_inventory_not_project_enablement","Engine/Plugins/Tests/PythonAutomationTest/PythonAutomationTest.uplugin",,"False","False","True",,"28e0ff5f4f650559a721e898ae7be47f498e899aac5b40c0018b65ba4a04fd02"
"PythonFoundationPackages","0.1","1","engine_inventory_not_project_enablement","Engine/Plugins/Experimental/PythonFoundationPackages/PythonFoundationPackages.uplugin",,,"False","False","True","7afb1de32d76b7f0c290c2d3b1bdfcf0ff9dfd2749b497f8da0100d762b24e30"
"PythonMLPackages","0.1","1","engine_inventory_not_project_enablement","Engine/Plugins/Experimental/PythonMLPackages/PythonMLPackages.uplugin",,,"False","False","True","c0d093c057313e376e205a257f0c76f2eb023810060c09f020cb1e2bb0f3c830"
"PythonScriptPlugin","1.0","1","engine_inventory_not_project_enablement","Engine/Plugins/Experimental/PythonScriptPlugin/PythonScriptPlugin.uplugin",,"False","False","True",,"bd796b32b69f8c4113e0b2547ee12e3620507c063f23090d5cc6042ad387b5cb"
"QuicMessaging","1.0","1","engine_inventory_not_project_enablement","Engine/Plugins/Experimental/QuicMessaging/QuicMessaging.uplugin",,"False","False","False",,"30415eaffc03427abf485f2c0f85a08bedb652ed0483c696b9bf5534c5a3f72c"
"RawInput","1.0","1","engine_inventory_not_project_enablement","Engine/Plugins/Experimental/RawInput/RawInput.uplugin",,"False",,,,"1ccbc1e20981618bf209c3079c69c5df5b097e81c1b41513b6b281eb4976eee6"
"RazerChromaDevices","1.0","1","engine_inventory_not_project_enablement","Engine/Plugins/Experimental/RazerChromaDevices/RazerChromaDevices.uplugin",,"False",,"True",,"d83b593676bb8f18aab9c69297c9a3de47fd804d522032e6fc75c0c8ab884919"
"Reflex","1.6","1","engine_inventory_not_project_enablement","Engine/Plugins/Runtime/Nvidia/Reflex/Reflex.uplugin",,"False",,,,"0602eae0ad5ed345521425f5f1e3b66f15b2b1f275f7e98362ffc018d624d33d"
"RelativeIKOp","1.0","1","engine_inventory_not_project_enablement","Engine/Plugins/Experimental/Animation/RelativeIKOp/RelativeIKOp.uplugin",,,"False","False","True","a6aa0d1efd7a6284468c15fdbaa7558663d9d2145f43363ee20f4b4c742a3560"
"RemoteControl","1.0","1","engine_inventory_not_project_enablement","Engine/Plugins/VirtualProduction/RemoteControl/RemoteControl.uplugin",,,"False",,,"17c2d9744d8e269e5d0d7762251bab4475096fca486bf049f5e997136e60bf74"
"RemoteControlActorModifierBridge","1.0","1","engine_inventory_not_project_enablement","Engine/Plugins/Experimental/RemoteControlActorModifierBridge/RemoteControlActorModifierBridge.uplugin",,,"False","True",,"a4ec4bc8cb43e9d44f842399b2dfe16ac7575671b80f650a9b371c30655582de"
"RemoteControlComponents","1.0","1","engine_inventory_not_project_enablement","Engine/Plugins/Experimental/RemoteControlComponents/RemoteControlComponents.uplugin",,,"False","False","True","45ef9d90757aff9abaea8ae8708c86c983188ca52514edeb71b0287edc667086"
"RemoteControlInterception","1.0","1","engine_inventory_not_project_enablement","Engine/Plugins/VirtualProduction/RemoteControlInterception/RemoteControlInterception.uplugin",,,"False",,,"9dc616250e7b4ac024916fd9282f9479e66535e334c4e79dbafd25ed4f790d9b"
"RemoteControlProtocolDMX","1.0","1","engine_inventory_not_project_enablement","Engine/Plugins/VirtualProduction/RemoteControlProtocolDMX/RemoteControlProtocolDMX.uplugin",,"False","False",,,"06c78560af0861543e2c9697ed0d005424d75f55b28457fb2e55847a7475dc5b"
"RemoteControlProtocolMIDI","1.0","1","engine_inventory_not_project_enablement","Engine/Plugins/VirtualProduction/RemoteControlProtocolMIDI/RemoteControlProtocolMIDI.uplugin",,,"False",,,"3c5f70f938cfbb760f28b73a30f6cad4ebdae53842c900ed3f848e9836bb1bb3"
"RemoteControlProtocolOSC","1.0","1","engine_inventory_not_project_enablement","Engine/Plugins/VirtualProduction/RemoteControlProtocolOSC/RemoteControlProtocolOSC.uplugin",,,"False",,,"187aed96d438d129782ae22ac4c080934fff3d8c257c7e8cc685113611d1f9fc"
"RemoteControlWebInterface","1.0","1","engine_inventory_not_project_enablement","Engine/Plugins/VirtualProduction/RemoteControlWebInterface/RemoteControlWebInterface.uplugin",,,"False",,,"e22a3936ffd1ea6207ef8f2c9b984c976c3d1218bb584998925b833107877e6f"
"RemoteDatabaseSupport","1.0","1","engine_inventory_not_project_enablement","Engine/Plugins/Runtime/Database/RemoteDatabaseSupport/RemoteDatabaseSupport.uplugin",,"False","False","False",,"b8e84e0303d900d55f36e08e14871608b5bb9de0e3b84016008ae6e48fbd22ac"
"RemoteSession","1.0","1","engine_inventory_not_project_enablement","Engine/Plugins/Experimental/RemoteSession/RemoteSession.uplugin",,"False","False","False",,"30129e2483503e2b27e7219b9bf1d1187cd8343ad16d091ef718fdf966329b4c"
"RenderDocPlugin","1.0","1","engine_inventory_not_project_enablement","Engine/Plugins/Developer/RenderDocPlugin/RenderDocPlugin.uplugin",,"True",,,,"420f687bbe015244b325cb78d5358cdf652815f43e8795869f65ccceea42fb98"
"RenderGraphInsights","1.0","1","engine_inventory_not_project_enablement","Engine/Plugins/RenderGraphInsights/RenderGraphInsights.uplugin",,"True","False","False",,"2e8088b193dacec4c83e91172a33d1bb6405ead2fee85b05c4fce5af4d9a4d5d"
"RenderGrid","1.0","1","engine_inventory_not_project_enablement","Engine/Plugins/Experimental/RenderGrid/RenderGrid.uplugin",,"False","False","False","True","7b02ade728516addcbe89bb5ca6c1342c6492bd1077ca00a85aaddf65b8f6c19"
"RenderTrace","1.0","1","engine_inventory_not_project_enablement","Engine/Plugins/Runtime/RenderTrace/RenderTrace.uplugin",,"False","False","True","False","fb9103606e67aa41d983e601cd23e399797dc4e4d3a2c42cf13cb48ae1a81865"
"RenderTraceInsights","1.0","1","engine_inventory_not_project_enablement","Engine/Plugins/RenderTraceInsights/RenderTraceInsights.uplugin",,"True","False","False",,"ce2ce83b30b751a3d0d776b4e82e41b5318c93acbcf90d820857dde5669c7f7b"
"ReplayTracks","0.1","1","engine_inventory_not_project_enablement","Engine/Plugins/MovieScene/ReplayTracks/ReplayTracks.uplugin",,"False","False","True",,"f877340e5723b983b265a5049cc44a687a00239ac8a0b9f767fb6eba51294e96"
"ReplicationGraph","1.0","1","engine_inventory_not_project_enablement","Engine/Plugins/Runtime/ReplicationGraph/ReplicationGraph.uplugin",,"False","False","True","False","9ccc6b2c0514e6a4d9e996abfa74bb68c0a7c37f2dd878e8bd8fbea55947b48f"
"ReplicationSystemTestPlugin","1.0","1","engine_inventory_not_project_enablement","Engine/Plugins/Runtime/ReplicationSystemTestPlugin/ReplicationSystemTestPlugin.uplugin",,"False","False","False",,"57f8550469ac35ca23e19443256ef2e2b26ee8ac7c7f93aee92c02be5109a2ca"
"ResonanceAudio","1.0","1","engine_inventory_not_project_enablement","Engine/Plugins/Runtime/ResonanceAudio/ResonanceAudio.uplugin",,"True","False","True",,"acad0d757e5940a91f55c747e731b4732ea924e0c2d822495990fe6476aa64a9"
"RHITests","1.0","1","engine_inventory_not_project_enablement","Engine/Plugins/Tests/RHITests/RHITests.uplugin",,"False","False","False",,"8862889550a89188bdec2c6af5c9c35a07fb646c5c6015fa44a8ab4f069c4814"
"RiderSourceCodeAccess","1.7","2","engine_inventory_not_project_enablement","Engine/Plugins/Developer/RiderSourceCodeAccess/RiderSourceCodeAccess.uplugin",,"True","False","False",,"72da2ca15c7d4ac663c4668f0fb2c65d6fe5dfdeaef85d3a9bf9b77fbf2ba5ff"
"RigLogic","13.2.5","13.2","engine_inventory_not_project_enablement","Engine/Plugins/Animation/RigLogic/RigLogic.uplugin",,,"False","False",,"8a05054eef27d511e7c4a6e9112616b9f62590f1834da0d5ddd6b04760e036a6"
"RigLogicUAF","1.0","1","engine_inventory_not_project_enablement","Engine/Plugins/Experimental/RigLogicUAF/RigLogicUAF.uplugin",,,"False","False","True","4cad23df5dbc2f7bf81d327747c70732bb32fc95fa75f743f2357ff07b899dc9"
"RigMapper","1.0","1","engine_inventory_not_project_enablement","Engine/Plugins/Experimental/Animation/RigMapper/RigMapper.uplugin",,"False","False","False","True","20f3a1ad4447e4fcc1fae463ce769d4097645dfb33f8d9eaf7a18cbfffa4db33"
"RigMapperOp","1.0","1","engine_inventory_not_project_enablement","Engine/Plugins/Experimental/Animation/RigMapperOp/RigMapperOp.uplugin",,,"False","False","True","8e05789b125eefecd6e8fc349984a6bf39daebbc020d5d6fedf4ca7da83f0039"
"RigVM","1.0","1","engine_inventory_not_project_enablement","Engine/Plugins/Runtime/RigVM/RigVM.uplugin",,"True","False","False",,"a5cbd6e56d57e7a6249b7c9ebc4861fa4b5e17fa194dc738947fc50750b8956a"
"RivermaxCore","1.0","1","engine_inventory_not_project_enablement","Engine/Plugins/VirtualProduction/Rivermax/RivermaxCore/RivermaxCore.uplugin",,,"False","True",,"2ad2f7c5f5e353e7701bb8c4cd68348f3dedd0669d65dc6d9b7a333bc5e95cac"
"RivermaxMedia","1.0","1","engine_inventory_not_project_enablement","Engine/Plugins/VirtualProduction/Rivermax/RivermaxMedia/RivermaxMedia.uplugin",,,"False","True",,"d51000e41ea9da0b0e7399cfc8c1e21195de47ae198fb9d53a79686cf0573ee6"
"RivermaxSync","1.0","1","engine_inventory_not_project_enablement","Engine/Plugins/VirtualProduction/Rivermax/RivermaxSync/RivermaxSync.uplugin",,,"False","True",,"7ca7c9d0a5ee62089343bc7c349c6da9d2efba663632e50bd2e6b879003987b0"
"RPCBase","1.0","8","engine_inventory_not_project_enablement","Engine/Plugins/RPCBase/RPCBase.uplugin",,"False","False","False",,"9c6acbfc53d780e179dd0077ac899c2e20cd2e43f35cc96f2e241ba0dee8202a"
"RTSPMedia","1.0","1","engine_inventory_not_project_enablement","Engine/Plugins/Media/RTSPMedia/RTSPMedia.uplugin",,"False",,,"True","4e6401385156a27f9e8e57def0b51bf763cb7c654982fe590d1f5c0514205bc4"
"RuntimeTelemetry","1.0","1","engine_inventory_not_project_enablement","Engine/Plugins/Experimental/RuntimeTelemetry/RuntimeTelemetry.uplugin",,"True","False","False",,"17d4fba2e68663a8e97904cdcb2ada4d34409ab02ad1e9f083e6b48addddd726"
"RuntimeTests","1.0","1","engine_inventory_not_project_enablement","Engine/Plugins/Tests/RuntimeTests/RuntimeTests.uplugin",,"False","False","False",,"051bf2a6a7116de9f95d3aa7c1e6a543376f0d23aa04411ddf729ae0475c696c"
"SampleToolsEditorMode","0.1","1","engine_inventory_not_project_enablement","Engine/Plugins/Editor/SampleToolsEditorMode/SampleToolsEditorMode.uplugin",,,"False","True",,"a0df471e1e0f1960ab393be5af651dd5e7a93f40ec4a75ee2176a780e1810dcd"
"SandboxedEditing","0.1","1","engine_inventory_not_project_enablement","Engine/Plugins/Developer/Sandbox/SandboxedEditing/SandboxedEditing.uplugin",,"False","False","False","True","f4fd6b5ceedd5aaba5ac36be399798626e1ad16705ba8685f48cfc3504bc7f96"
"SceneState","1.0","1","engine_inventory_not_project_enablement","Engine/Plugins/VirtualProduction/SceneState/SceneState.uplugin",,,"False","True","False","0671240b0cf5d0b0ebd1b10a74ad3f00d2968ff1a477d8462a49e3e32ef2b4bf"
"SceneStateDataLink","1.0","1","engine_inventory_not_project_enablement","Engine/Plugins/VirtualProduction/SceneStateDataLink/SceneStateDataLink.uplugin",,,"False","True","False","4ea0b5c6c417a7f82826c43de329b1030e783816fbced24be4d56b5a02d4d1a5"
"ScreenReader","0.1","1","engine_inventory_not_project_enablement","Engine/Plugins/Experimental/ScreenReader/ScreenReader.uplugin",,"False","False",,,"6b4ee827aa0865ef8b3728dbe8df61dc162d46c69af847f626c543b610ffca03"
"Scribble","1.0","1","engine_inventory_not_project_enablement","Engine/Plugins/Experimental/Animation/Scribble/Scribble.uplugin",,"False","False",,,"514fe9596a0732f2fe421623201834a9b8d362edda02cd2a68c9726587348edd"
"ScriptableToolsEditorMode","0.1","1","engine_inventory_not_project_enablement","Engine/Plugins/Editor/ScriptableToolsEditorMode/ScriptableToolsEditorMode.uplugin",,"False","False","True",,"433c12d7758ae46485dcca2b7c30ffe7d76ffa843baf29291ef75e05148268da"
"ScriptableToolsFramework","0.1","1","engine_inventory_not_project_enablement","Engine/Plugins/Runtime/ScriptableToolsFramework/ScriptableToolsFramework.uplugin",,"False","False","True",,"f0a41bab3ee683af73a2b53dafe7625b5b1c730be49f8d6e002656bf06d189f6"
"ScriptPlugin","1.0","1","engine_inventory_not_project_enablement","Engine/Plugins/ScriptPlugin/ScriptPlugin.uplugin",,"False","False","False",,"6c3c423a4ce74da337f30ce3d4f5751abfcbc25e0c3ace45f25b514a00b9eab1"
"SecuritySandbox","1.0","1","engine_inventory_not_project_enablement","Engine/Plugins/Experimental/SecuritySandbox/SecuritySandbox.uplugin",,"False","False",,"True","9c7e9ee3c494089c87b6bbd93a9166917fc9c0b09b26eb5d1f66ccfe7bda5c04"
"SemanticSearch","0.1","1","engine_inventory_not_project_enablement","Engine/Plugins/Experimental/SemanticSearch/SemanticSearch.uplugin",,"False","False","False","True","bb65b223f135984429540969ba1236aeca0cfb596c704aedbf3f3bfac59b1cd9"
"SemanticSearchToolset","1.0","1","engine_inventory_not_project_enablement","Engine/Plugins/Experimental/Toolsets/SemanticSearchToolset/SemanticSearchToolset.uplugin",,"False",,,"True","79684bc7185de11253a40dbfe485bbb0f48d5e3abfeed484f445b297cb235c5d"
"SequenceNavigator","1.0","1","engine_inventory_not_project_enablement","Engine/Plugins/Experimental/SequenceNavigator/SequenceNavigator.uplugin",,"True","False","False","True","99f0651b5d1fca46c64cccbe2f6117d83a25e1f37b516f730e23c8a1cc4ce8ba"
"SequencerAnimMixerToolset","1.0","1","engine_inventory_not_project_enablement","Engine/Plugins/Experimental/Toolsets/SequencerAnimMixerToolset/SequencerAnimMixerToolset.uplugin",,"False","False","False","True","f7e73c2e32f8b26ba0238427854f73a04a4f620551ea40f0849540ebd3fe4876"
"SequencerAnimTools","1.0","1","engine_inventory_not_project_enablement","Engine/Plugins/Editor/SequencerAnimTools/SequencerAnimTools.uplugin",,"True","False","False","False","9b7c6ecab76a0e0c56d6fca48ef1c2a6082fb1f856bfdc5cb0494bd17d01e336"
"SequencerPlaylists","1.0","1","engine_inventory_not_project_enablement","Engine/Plugins/VirtualProduction/SequencerPlaylists/SequencerPlaylists.uplugin",,,"False","True","False","4c835fb302b56936337c6fc3787be351a90a6163171e3ba76e8330c600f04c16"
"SequencerScripting","1.0","1","engine_inventory_not_project_enablement","Engine/Plugins/MovieScene/SequencerScripting/SequencerScripting.uplugin",,,"False","True",,"efc7eae868e8f897e8b5c00f8a39b2109a71d57104bf3c22e032d8d05d253959"
"SequenceValidator","0.1","1","engine_inventory_not_project_enablement","Engine/Plugins/MovieScene/SequenceValidator/SequenceValidator.uplugin",,"True","False",,"True","b93a6ca597d5c6353e1a568c2808c1710e9220d9fea66b61834442c66cc42971"
"SerializationUtils","1.0","1","engine_inventory_not_project_enablement","Engine/Plugins/Experimental/SerializationUtils/SerializationUtils.uplugin",,,"False","False","True","1a272e410d7808a9a4379def827417850461106a47db018535713d53fd4199ca"
"ShaderToolkit","1.0","1","engine_inventory_not_project_enablement","Engine/Plugins/Developer/ShaderToolkit/ShaderToolkit.uplugin",,"False","False",,"True","318d88cf35a681b5940e6859d7ce005df04f79681db4c69905afce6e4d7bb390"
"Shotgrid","0.10","1","engine_inventory_not_project_enablement","Engine/Plugins/Experimental/Shotgrid/Shotgrid.uplugin",,"False","False","True",,"b3d01220d66fe641e92bbd3a49fc3cfff5ea0e57029c849383857ce22ffe1643"
"SignificanceManager","1.0","1","engine_inventory_not_project_enablement","Engine/Plugins/Runtime/SignificanceManager/SignificanceManager.uplugin",,"False","False","False","False","a6fc7ef1051eea4075a872d0caff2fc9a30a8f6241a60df9aaf78d1eb1130a87"
"SimpleHMD","1.0","1","engine_inventory_not_project_enablement","Engine/Plugins/Experimental/SimpleHMD/SimpleHMD.uplugin",,"False","False","False",,"5954c9ca7b91c3d78a65ddf1b0aa2d2042c66fa7cf4a8c59bd45ad3066f6eb0b"
"SkeletalMerging","1.0","1","engine_inventory_not_project_enablement","Engine/Plugins/Runtime/SkeletalMerging/SkeletalMerging.uplugin",,"False","False","False",,"36bbfb01923c15c8df3161762945a2632f7961aa2b4af9f5e777b4a9da90468c"
"SkeletalMeshModelingTools","1.0","1","engine_inventory_not_project_enablement","Engine/Plugins/Animation/SkeletalMeshModelingTools/SkeletalMeshModelingTools.uplugin",,"True","False","False","False","34176395c519a3ac4909b96717d025b711c2bc306408f8e59f31957bdef7b667"
"SkeletalMeshMorphTargetEditingTools","1.0","1","engine_inventory_not_project_enablement","Engine/Plugins/Experimental/Animation/SkeletalMeshMorphTargetEditingTools/SkeletalMeshMorphTargetEditingTools.uplugin",,,"False","False","True","0f8f6916e0a8c25b438df35e07d05967bb77f3182d18f76e8b47e08c19fda279"
"SkeletalReduction","1.0","1","engine_inventory_not_project_enablement","Engine/Plugins/Experimental/SkeletalReduction/SkeletalReduction.uplugin",,"True","False","False",,"71c3b683dff452610c743590d02b423bdcd8a2b5b6478e4d6af61ddd5c240e10"
"SlateIM","1.0","1","engine_inventory_not_project_enablement","Engine/Plugins/Experimental/SlateIM/SlateIM.uplugin",,"False","False","False","True","8e8aa542ce9e9ed3460bc3fd57d88a1e305dc6114d1a260c5c8a3f0f2ecfb9a2"
"SlateInsights","1.0","1","engine_inventory_not_project_enablement","Engine/Plugins/Slate/SlateInsights/SlateInsights.uplugin",,"False","False","False",,"17884877168ed3001d2f2d6232eda401d679ea0c303841ce7b552a5ecbfcf3f4"
"SlateInspectorToolset","1.0","1","engine_inventory_not_project_enablement","Engine/Plugins/Experimental/Toolsets/SlateInspectorToolset/SlateInspectorToolset.uplugin",,"False","False","False","True","d94307488b67f1e381b87f9841c4076fe62829c8bd2a7d2cc0debd0286ac6155"
"SlateModelViewViewModel","1.0","1","engine_inventory_not_project_enablement","Engine/Plugins/Experimental/SlateModelViewViewModel/SlateModelViewViewModel.uplugin",,"False","False","False",,"9e78ad734d8c52ff8d6a67b2142d837825f9fbb6e451880a8e67afff5accd7cd"
"SlateScreenReader","0.1","1","engine_inventory_not_project_enablement","Engine/Plugins/Experimental/SlateScreenReader/SlateScreenReader.uplugin",,"False","False",,,"2223883f8dd0cf742b5120cb04f11ff80ce397232ae51996009e9171866e58c1"
"SlateScripting","1.0","1","engine_inventory_not_project_enablement","Engine/Plugins/Slate/SlateScripting/SlateScripting.uplugin",,"False","False","False",,"6cd4bfa2c6e3d10b96123212647c4c0618c8e98b2306f2f92f7555dff0848d0b"
"SmartObjects","0.1","1","engine_inventory_not_project_enablement","Engine/Plugins/Runtime/SmartObjects/SmartObjects.uplugin",,"False","False","False",,"b1e3c15653aa878fcb67c50cad2d33f1fb3d54bbbefc2246097cddb61b3cb221"
"SocketSubsystemEOS","1.0","1","engine_inventory_not_project_enablement","Engine/Plugins/Online/SocketSubsystemEOS/SocketSubsystemEOS.uplugin",,"False",,,,"68f3254885804205d0d5e5543a6de0c1ef30ee0e49fa4aed7d18734df4fb52fd"
"SocketSubsystemSteamIP","1.0","1","engine_inventory_not_project_enablement","Engine/Plugins/Online/SocketSubsystemSteamIP/SocketSubsystemSteamIP.uplugin",,"False",,,,"faf6f45258aaa9570f87e38ef48dd9d5d6fc9f832ed6627a423609574b7d8f4c"
"SoundCueTemplates","1.0","1","engine_inventory_not_project_enablement","Engine/Plugins/Runtime/SoundCueTemplates/SoundCueTemplates.uplugin",,,"False","True",,"e98a01415a0d217800d70dcda3fb5b8f2af2ba4d41ba24016010b94216fe5bb9"
"SoundFields","1.0","1","engine_inventory_not_project_enablement","Engine/Plugins/Runtime/SoundFields/SoundFields.uplugin",,"True","False","True",,"649cacc31292d7c8897fbb3bdb93997182104e850880c7bc5a92c170c8999902"
"SoundMod","1.0","1","engine_inventory_not_project_enablement","Engine/Plugins/Runtime/SoundMod/SoundMod.uplugin",,"False","False","False",,"b6ab51501271d8a2d97dd27a699643485b14b10c105b6683284f1cb5d2962acf"
"Soundscape","1.0","1","engine_inventory_not_project_enablement","Engine/Plugins/Runtime/Soundscape/Soundscape.uplugin",,"False","False","True","False","254e4e299d1c634dec5001bdca5b076f00e99a153aa589229a6a860b8bf61158"
"SoundUtilities","1.0","1","engine_inventory_not_project_enablement","Engine/Plugins/Runtime/SoundUtilities/SoundUtilities.uplugin",,"False","False","True",,"c934799a8957f0ba9afb66187de8d2c4d2cc554a0e02856957df0400130cee20"
"Spatialization","1.0","1","engine_inventory_not_project_enablement","Engine/Plugins/Runtime/Spatialization/Spatialization.uplugin",,,"False","False",,"ab59794e558081604318fb5a6f8f3b06f1ba9f5570a0b6ab648ec35d9acb7fc8"
"SpatialReadiness",,,"engine_inventory_not_project_enablement","Engine/Plugins/Experimental/SpatialReadiness/SpatialReadiness.uplugin",,"False",,,,"3f0882ce4f4b28fb3a05beaaa59fedbac7b8d45cc7ec1b5b4490d7c98f294987"
"SpeedTreeImporter","1.0","1","engine_inventory_not_project_enablement","Engine/Plugins/Editor/SpeedTreeImporter/SpeedTreeImporter.uplugin",,"True","False","False",,"018c7afe7eff493abd824e5dd6db22c735f147e2aa1c2667ff27194dd5f8daa0"
"SQLiteCore","1.0","1","engine_inventory_not_project_enablement","Engine/Plugins/Runtime/Database/SQLiteCore/SQLiteCore.uplugin",,"False","False","False",,"6d6c3f26e26dd4fe65280ade72d8394777539a6051cab95af6c5168bdde92a0e"
"SQLiteSupport","1.0","1","engine_inventory_not_project_enablement","Engine/Plugins/Runtime/Database/SQLiteSupport/SQLiteSupport.uplugin",,"False","False","False",,"3e93c3627e2e2cedaffb0b291e93bcacd3e7a3cf081bf044679c337fe32c0fad"
"StageMonitoring","1.0","1","engine_inventory_not_project_enablement","Engine/Plugins/VirtualProduction/StageMonitoring/StageMonitoring.uplugin",,,"False","True",,"c4cddbb082690cc9753062b0df5b2686d7574e0a09ecb8d1fb465e4200c03e08"
"StateGraph","1.0","1","engine_inventory_not_project_enablement","Engine/Plugins/Experimental/StateGraph/StateGraph.uplugin",,"False",,,,"674bd66ef7c8e6ec4e99224c1db8dd2b6a1267ceee508fe2c26c01dac9c914eb"
"StateTree","0.1","1","engine_inventory_not_project_enablement","Engine/Plugins/Runtime/StateTree/StateTree.uplugin",,"False","False","False",,"7a4c680317080232fae2c6bd7afcba216ad46bc93992c37fbf6106a8333f5068"
"StateTreeToolset","1.0","1","engine_inventory_not_project_enablement","Engine/Plugins/Experimental/Toolsets/StateTreeToolset/StateTreeToolset.uplugin",,"False","False","False","True","92fc342ea54c30cbd02f565911457497ea082fba60b9193176638a5b1436c0d1"
"StaticMeshEditorModeling","0.1","1","engine_inventory_not_project_enablement","Engine/Plugins/Editor/StaticMeshEditorModeling/StaticMeshEditorModeling.uplugin",,,"False","True",,"7cec60aeb1ea579b7271362871fb7569460e91fa5b13d922920efae4a8874a34"
"SteamAudio","2.0-beta.17","1","engine_inventory_not_project_enablement","Engine/Plugins/Runtime/Steam/SteamAudio/SteamAudio.uplugin",,"False","False","True",,"eee1908fa82357d6c3c5e70e71c6d259e400ef8ec48ff2deb6fe143780a7c039"
"SteamController","1.1","1.1","engine_inventory_not_project_enablement","Engine/Plugins/Runtime/Steam/SteamController/SteamController.uplugin",,"False","False","False",,"168ccebb7cfbd76f6961d887cab1d5b6e7e62b273d2b6cfc63aef42918d8748f"
"SteamShared","1.0","1","engine_inventory_not_project_enablement","Engine/Plugins/Runtime/Steam/SteamShared/SteamShared.uplugin",,"False","False","False","False","092de3bf7dd0d5aa964c305179699da2fe561fb8ba6e6797ee3ecd74bc762b69"
"SteamSockets","1.0","1","engine_inventory_not_project_enablement","Engine/Plugins/Runtime/Steam/SteamSockets/SteamSockets.uplugin",,"False","False","False",,"a3ea215dffca5300429c6ce693c4d72173f5d6c20ce9821bdbd9e6424470402c"
"StormSync","1.0","1","engine_inventory_not_project_enablement","Engine/Plugins/VirtualProduction/StormSync/StormSync.uplugin",,,"False",,,"516ca60b2832276c0a38bba9d6a16f8db3639b4634b0df88a63c9522e19be6bf"
"StormSyncAvalancheBridge","1.0","1","engine_inventory_not_project_enablement","Engine/Plugins/VirtualProduction/StormSyncAvalancheBridge/StormSyncAvalancheBridge.uplugin",,,"False",,,"3a3e8f0b07184cae860c1df7887351b194a2f2e31e489ce8d85351165be0b8bb"
"StreamingADA","1.0","1","engine_inventory_not_project_enablement","Engine/Plugins/Animation/AudioDrivenAnimation/StreamingADA/StreamingADA.uplugin",,"False","False","True","False","7e98244b111906283ae13b238b166d7dcabc152a3d847aea8b6e16f9cc928381"
"StructUtils","0.1","1","engine_inventory_not_project_enablement","Engine/Plugins/Experimental/StructUtils/StructUtils.uplugin",,"False","False","False","True","e169022837414eae017d32b6bd9080fdcdc41c4b3ab48a56eec4c7c9bc3ac7ee"
"StylusInput","2.0","2","engine_inventory_not_project_enablement","Engine/Plugins/Editor/StylusInput/StylusInput.uplugin",,"False","False","True",,"ca45d994ebf63adf7d3c170e9ff17ec7e92b5088f13bcb1634d29eafe8381624"
"SubmitToolEditor","1.0","1","engine_inventory_not_project_enablement","Engine/Plugins/Experimental/SubmitToolEditor/SubmitToolEditor.uplugin",,"False","False","False","True","f02325c01214152fe510e11b9020458e9ae65548f4e984413d93e9057c83c072"
"Subsonic","1.0","1","engine_inventory_not_project_enablement","Engine/Plugins/Experimental/Subsonic/Subsonic.uplugin",,"False","False","False","True","f38d0aaeff89673b2f560184b424e906c31465f423c2cb470c1bfdb75ef1ef8b"
"SubtitlesAndClosedCaptions","1.0.0.0","1000","engine_inventory_not_project_enablement","Engine/Plugins/SubtitlesAndClosedCaptions/SubtitlesAndClosedCaptions.uplugin",,"False","False","True","False","a9e6162267c198e77c9923b7f6ac888898feb2b85d1e9b6dd1a9e64248351ae7"
"SubversionSourceControl","1.0","1","engine_inventory_not_project_enablement","Engine/Plugins/Developer/SubversionSourceControl/SubversionSourceControl.uplugin",,"True","False","False",,"50693b18848223eb064a837860039be17f315c1a6bc8782532740e9c2d1caa6e"
"SunPosition","1.0","1","engine_inventory_not_project_enablement","Engine/Plugins/Runtime/SunPosition/SunPosition.uplugin",,"False","False","False",,"554911deab3dd8ed40028f6f3f225bd673176341815ba1632cbc0adbc7a40b30"
"SurfaceEffects","1.0","1","engine_inventory_not_project_enablement","Engine/Plugins/Experimental/SurfaceEffects/SurfaceEffects.uplugin",,,"False","False","True","eb11b81bfed796ead3daa9b0772c0dd8d741aeab6c87a8d7d28c9f368eb6e8b7"
"SVGImporter","1.0","1","engine_inventory_not_project_enablement","Engine/Plugins/VirtualProduction/SVGImporter/SVGImporter.uplugin",,,"False","True",,"78c46a08cb98fb04f8c60192c4fffab0c5b252a60b2368cf5928318e34e31719"
"Switchboard","0.1","1","engine_inventory_not_project_enablement","Engine/Plugins/VirtualProduction/Switchboard/Switchboard.uplugin",,"False","False","True",,"10e93f1b46ca529ff2df687e693975b53571ae56a83b3889d1971f0425694ffe"
"Synthesis","1.1","1","engine_inventory_not_project_enablement","Engine/Plugins/Runtime/Synthesis/Synthesis.uplugin",,"True","False","False",,"4de96bd8dc7309aeb13ae18d2090af687f228e881abbb3c3639d0bfc77e7cf70"
"Takes","1.0","1","engine_inventory_not_project_enablement","Engine/Plugins/VirtualProduction/Takes/Takes.uplugin",,,"False","False",,"c46030a406e3c0c48fdec363a73a90af824a60b8418864e41ebe4f6df0b6a96c"
"TargetDeviceServicesScripting","1.0","1","engine_inventory_not_project_enablement","Engine/Plugins/Experimental/TargetDeviceServicesScripting/TargetDeviceServicesScripting.uplugin",,"False","False","False","True","eb371d755b546772fa9c1cc63b599804302342bed0e8ab5072f407acedaa7f8a"
"TargetingSystem","1.0","1","engine_inventory_not_project_enablement","Engine/Plugins/Experimental/GameplayTargetingSystem/TargetingSystem.uplugin",,"False","False","True",,"6878b0865486b860472beeef0dfda289e0b5702782e6df2273f9816a25b846b9"
"TcpMessaging","1.0","1","engine_inventory_not_project_enablement","Engine/Plugins/Messaging/TcpMessaging/TcpMessaging.uplugin",,"True","False","False",,"a47d14505131225b926c7324f49fa856d55b9e02a4b1fefc977c621b1b32880d"
"TechAudioTools","1.0","1","engine_inventory_not_project_enablement","Engine/Plugins/Experimental/TechAudioTools/TechAudioTools.uplugin",,,"False","True","True","9b3729247a792454bf665ba1eaf86d49323ca0839be8ab4db6ddcfcf2bf270d3"
"TemplateSequence","0.1","1","engine_inventory_not_project_enablement","Engine/Plugins/MovieScene/TemplateSequence/TemplateSequence.uplugin",,"False","False","True",,"f9a6428b93791bbd5b4d9fa87cbcd941b0e06c802454b3d1fecee65ddfbe30ae"
"Tensorboard","0.1","1","engine_inventory_not_project_enablement","Engine/Plugins/Experimental/Tensorboard/Tensorboard.uplugin",,,"False","False","True","be74ac9ca5343eff876ee8813d2146b965a984131c5a8e6932297a34639f9e20"
"Terminal","1.0","1","engine_inventory_not_project_enablement","Engine/Plugins/Experimental/Terminal/Terminal.uplugin",,"False","False","False","True","73d0e2d7e8d4be5e969539273b1145d2534acd9167b5d9f09c417239a8382ba6"
"TestFramework","1.0","1","engine_inventory_not_project_enablement","Engine/Plugins/Tests/TestFramework/TestFramework.uplugin",,"False","False","False",,"489266fc6ba3fdd38324447480306f15a42aae365642f3094313774fef248b84"
"TestSamples","1.0","1","engine_inventory_not_project_enablement","Engine/Plugins/Tests/TestSamples/TestSamples.uplugin",,"False","False","False",,"3c959114c733326b5e484fee8fc079e3a793dcfc3b37a50a54d89736e8d037c2"
"TetMeshing","0.1","1","engine_inventory_not_project_enablement","Engine/Plugins/Experimental/TetMeshing/TetMeshing.uplugin",,"False","False","True",,"15a3d02f82829afc8a181cee3e89c7df70513d42d0d72c5f6beac2644e1e125d"
"Text3D",,"1","engine_inventory_not_project_enablement","Engine/Plugins/VirtualProduction/Text3D/Text3D.uplugin",,,"False",,,"391d64ed213b4f39ddef13a9db7d1a97e91cac4d3c0fc4dfab106d8af2be8e17"
"TextToSpeech","0.1","1","engine_inventory_not_project_enablement","Engine/Plugins/Experimental/TextToSpeech/TextToSpeech.uplugin",,"False","False",,,"13700937e8817f88e9501cb007ece1d7344418c6d274657ce0d94f61006b2b76"
"TextureFormatOodle","1.0","1","engine_inventory_not_project_enablement","Engine/Plugins/Developer/TextureFormatOodle/TextureFormatOodle.uplugin",,"False","False","False",,"255f3ac03d8dfc1d32ec8531e3a993302c5cb55522b6ee3d1f088a273935117d"
"TextureGraph","1.0 Beta","1","engine_inventory_not_project_enablement","Engine/Plugins/TextureGraph/TextureGraph.uplugin",,"False","False",,"False","a6d8c131be2aefb09ea4b8793de6cdfc71257d1cc1342ab988a80fe752863183"
"TextureShare","1.0","1","engine_inventory_not_project_enablement","Engine/Plugins/VirtualProduction/TextureShare/TextureShare.uplugin",,"False","False","True",,"ddd0034bb80a5c0363a82a529a2ca9c726400700e803848b4b1c352eee5b3d58"
"TimecodeSynchronizer","0.1","1","engine_inventory_not_project_enablement","Engine/Plugins/Media/TimecodeSynchronizer/TimecodeSynchronizer.uplugin",,"False","False","True","False","d12334d16dedc615d6ef501b8ef866149e5025b1cb218388bc2743089709f23a"
"TimedDataMonitor","0.1","1","engine_inventory_not_project_enablement","Engine/Plugins/VirtualProduction/TimedDataMonitor/TimedDataMonitor.uplugin",,"False","False","True",,"833c0f5f2a52c7e60fbfa074a6a358aa8dcdc7aa17d8a4e14a397faa28d526fe"
"TmvMedia","1.0","1","engine_inventory_not_project_enablement","Engine/Plugins/Media/TmvMedia/TmvMedia.uplugin",,"False","False","True",,"30e4d97918da85a64b31f2a236703fb9b17ca95f8a6ce4b29962214054c0d1fa"
"TmvMediaUtils","1.0","1","engine_inventory_not_project_enablement","Engine/Plugins/Media/TmvMediaUtils/TmvMediaUtils.uplugin",,"False","False","True",,"2edef138fb0db93f02df648eb67d472bd8394f56b3435f5c57da0b3691643d77"
"ToolPresets","0.1","1","engine_inventory_not_project_enablement","Engine/Plugins/Experimental/ToolPresets/ToolPresets.uplugin",,"True","False","False","True","499777615723e85f641aa1cff9cdc48fcb727834d1cb5cb2c38158bc91ef001f"
"ToolsetRegistry","1.0","1","engine_inventory_not_project_enablement","Engine/Plugins/Experimental/ToolsetRegistry/ToolsetRegistry.uplugin",,"False","False","False","True","2dfc01159b54daea67c62966a48b78254d1d848d84e8df48c708c7a69d3f2062"
"TraceSourceFilters","1.0","1","engine_inventory_not_project_enablement","Engine/Plugins/Developer/TraceSourceFiltering/TraceSourceFilters.uplugin",,"False","False","False",,"a65b867b352dbfa5e985b7514f48a0b9d8317efcf1cc40e6f813787b4da48136"
"TraceUtilities","1.0","1","engine_inventory_not_project_enablement","Engine/Plugins/TraceUtilities/TraceUtilities.uplugin",,"True","False","False","False","09c44515d522fcbd430449df7fe4c84b9487ae82eefe53b2996ee9c73c48bae3"
"TrajectoryTools","0.1","1","engine_inventory_not_project_enablement","Engine/Plugins/Experimental/Animation/TrajectoryTools/TrajectoryTools.uplugin",,"False","False","False","True","f89f02819a28b6bfb2eaf60a5d339db383d79d7d0700a370186e74271aee9a5d"
"TweeningUtils","1.0","1","engine_inventory_not_project_enablement","Engine/Plugins/Animation/TweeningUtils/TweeningUtils.uplugin",,"True","False",,,"c1b3565ebe4ee2a0fd97f9122fb379bb5efbd41c7d30ba8cc5959677a0998f4e"
"UAF","0.1","1","engine_inventory_not_project_enablement","Engine/Plugins/Experimental/UAF/UAF/UAF.uplugin",,"False","False","False","True","3b11ea2ea71f1ec9d7f7ec4683f503b17962ffce398e64b4504e0673b3ff8d0e"
"UAFAnimGraph","0.1","1","engine_inventory_not_project_enablement","Engine/Plugins/Experimental/UAF/UAFAnimGraph/UAFAnimGraph.uplugin",,"False","False","False","True","5954e23c53b1465d79b1d1e97f1d0b5afb561a4c9483db3320a67d1075e1fac1"
"UAFAnimNode","0.1","1","engine_inventory_not_project_enablement","Engine/Plugins/Experimental/UAF/UAFAnimNode/UAFAnimNode.uplugin",,"False","False","False","True","ee2772562dbcdf1cfd30d392524a0c6e9485952502bd128117cbf5e7b19e7324"
"UAFChooser","0.1","1","engine_inventory_not_project_enablement","Engine/Plugins/Experimental/UAF/UAFChooser/UAFChooser.uplugin",,"False","False","False","True","dcc74207b888eae03ce1d61328b39b3374f4c299f49e03739b580460b5c1aa62"
"UAFControlRig","0.1","1","engine_inventory_not_project_enablement","Engine/Plugins/Experimental/UAF/UAFControlRig/UAFControlRig.uplugin",,"False","False","False","True","bd3f604e84b93d1e612cbd64cdfff6023a90acbe7ae50449e2020de0efb81089"
"UAFLayering","0.1","1","engine_inventory_not_project_enablement","Engine/Plugins/Experimental/UAF/UAFLayering/UAFLayering.uplugin",,"False","False","False","True","d631aa2c2df7c734c2f2d80f20bb46fafaac35d1479176aeea533285db0d91ea"
"UAFMass","0.1","1","engine_inventory_not_project_enablement","Engine/Plugins/Experimental/UAF/UAFMass/UAFMass.uplugin",,"False","False","False","True","dbf7b97e645b196271e3691eeb9bb40ad539a726e6ede55fdac62e976338698f"
"UAFMirroring","0.1","1","engine_inventory_not_project_enablement","Engine/Plugins/Experimental/UAF/UAFMirroring/UAFMirroring.uplugin",,,"False","False","True","1e326323e9b25e025b0e5e808a7ac4c1ce9f4d6ed409a3b9cc0261e3e45ccf01"
"UAFPoseSearch","0.1","1","engine_inventory_not_project_enablement","Engine/Plugins/Experimental/UAF/UAFPoseSearch/UAFPoseSearch.uplugin",,"False","False","False","True","8522eb78a8ee4ccce144cecf3a245c1763a3ba656db91948232cdb8b37f3029d"
"UAFSharedAssets","1.0","1","engine_inventory_not_project_enablement","Engine/Plugins/Experimental/UAF/UAFSharedAssets/UAFSharedAssets.uplugin",,,"False","False","True","05270a681157e03cf2860d5594d5da4760c12d919b8f2b4ea73f0683ad58ce04"
"UAFStateTree","0.1","1","engine_inventory_not_project_enablement","Engine/Plugins/Experimental/UAF/UAFStateTree/UAFStateTree.uplugin",,"False","False","False","True","9999d9031b913aac69543f594fe74e906e185f073d302c0dfcf8507afea927f7"
"UAFTestSuites","1.0","1","engine_inventory_not_project_enablement","Engine/Plugins/Experimental/UAF/UAFTestSuites/UAFTestSuites.uplugin",,,"False","False","True","a35704b71e21a00f1ca2da78582528e237ac93ff80067ac872d7c9dc2df954d3"
"UAFWarping","0.1","1","engine_inventory_not_project_enablement","Engine/Plugins/Experimental/UAF/UAFWarping/UAFWarping.uplugin",,"False","False","False","True","4e2f21074f4acab581c980726b28145af0475a701745d7e9b32e64749133fbfa"
"UbaController","0.1","1","engine_inventory_not_project_enablement","Engine/Plugins/UbaController/UbaController.uplugin",,"True","False","False","True","b1018454f57d13a8cfd0d6e9a2c8352f36562915792d34f43cd55f25bff90e45"
"UdpMessaging","1.0","1","engine_inventory_not_project_enablement","Engine/Plugins/Messaging/UdpMessaging/UdpMessaging.uplugin",,"True","False","False",,"7d8dbd8f1f3227aabfb0958905e0f6eae059c0dc6435cdaef2cbf235a412c994"
"UIFramework","1.0","1","engine_inventory_not_project_enablement","Engine/Plugins/Experimental/UIFramework/UIFramework.uplugin",,"False","False","False",,"952a46dfa359dfc56dd7e0d4cefe4ea1c8a8597951bf8bc386395c5893ccab4f"
"UMGToolSet","1.0","1","engine_inventory_not_project_enablement","Engine/Plugins/Experimental/Toolsets/UMGToolSet/UMGToolSet.uplugin",,"False","False","False","True","68247d7e5921bf85e7091b8b3ddce1e73d392e625f09c89135d4254be10c78e9"
"UMGWidgetPreview","1.0","1","engine_inventory_not_project_enablement","Engine/Plugins/Editor/UMGWidgetPreview/UMGWidgetPreview.uplugin",,"True","False","False","True","cbb5e723276ec64fe49b6de793509cbe01ff039efc2959e4350e02f2480a5812"
"UObjectPlugin","1.0","1","engine_inventory_not_project_enablement","Engine/Plugins/Developer/UObjectPlugin/UObjectPlugin.uplugin",,"True","False","False",,"14a5a628c8f8f9cc3760d3232da8304887c08736a1bd3c8b5aee320226b9c1ef"
"USDCore","1.0","1","engine_inventory_not_project_enablement","Engine/Plugins/Runtime/USDCore/USDCore.uplugin",,"False","False","True",,"0ff53b3f8b322fdf3d3ac13698673ee4cda4a2e871c4bfbd9668b7bcf6afc621"
"USDImporter","1.0","1","engine_inventory_not_project_enablement","Engine/Plugins/Importers/USDImporter/USDImporter.uplugin",,"False","False","True",,"c9fefb3c1efe3c060082997ebcce85d3f4360287f880f0ea309b9246b9eefa13"
"USDImporterMDL","1.0","1","engine_inventory_not_project_enablement","Engine/Plugins/Importers/USDImporterMDL/USDImporterMDL.uplugin",,"False","False","True",,"d6bde561fa9a4676b29da9ca1d1d80aca403938d5fa24ebe6bff3f92e2b07b8b"
"USDMultiUser","1.0","1","engine_inventory_not_project_enablement","Engine/Plugins/Importers/USDMultiUser/USDMultiUser.uplugin",,"False","False","True",,"54ad9c76cbd4b5e532419b3273479a246de9fb8a74980369c781c17cdbb31a20"
"USDPregen","0.1","1","engine_inventory_not_project_enablement","Engine/Plugins/Experimental/USDPregen/USDPregen.uplugin",,,"False","True","True","07d847e42343dcb3a1190df7432bfd3773dd4194c31fce2bd4f4b27a59b0974d"
"UserToolBoxBasicCommand","0.10","1","engine_inventory_not_project_enablement","Engine/Plugins/Experimental/UserToolBoxBasicCommand/UserToolBoxBasicCommand.uplugin",,,"False","False","True","54632d036e26fa9393b76915202dfe03229a79f62bdb444a0fe983b5dc5985fb"
"UserToolBoxCore","0.10","1","engine_inventory_not_project_enablement","Engine/Plugins/Experimental/UserToolBoxCore/UserToolBoxCore.uplugin",,,"False","False","True","6f726cddf9c8a49f4fb0a30258cc302a4dbfe8bf0e3b9ab47a7652dd3e7db34d"
"UVEditor","0.2","2","engine_inventory_not_project_enablement","Engine/Plugins/Editor/UVEditor/UVEditor.uplugin",,"True","False","True",,"959b987370d917ee612f8945b1c75794b9c4dbf90e3dc5530247120bd8110d96"
"VariantManager","1.0","1","engine_inventory_not_project_enablement","Engine/Plugins/Enterprise/VariantManager/VariantManager.uplugin",,"False","False","True",,"d0314635bf1cbf8a6a4e4d08e56596ec7aeb88d05cfa0c64579cffd4ef2f87c1"
"VariantManagerContent","1.0","1","engine_inventory_not_project_enablement","Engine/Plugins/Enterprise/VariantManagerContent/VariantManagerContent.uplugin",,"True","False","True",,"286f59ecc9ce84016b38f6a81a749204026eb8bea661d0b958f9a2052b852c96"
"VerseModuleIndependenceA","1.0","1","engine_inventory_not_project_enablement","Engine/Plugins/Tests/VerseModuleIndependenceA/VerseModuleIndependenceA.uplugin",,"False",,,,"487759a248edbd902bcdb0fc3022489f64f7d9223918fa79de86da320cfe4252"
"VerseModuleIndependenceB","1.0","1","engine_inventory_not_project_enablement","Engine/Plugins/Tests/VerseModuleIndependenceB/VerseModuleIndependenceB.uplugin",,"False",,,,"f002a80830090f846c421d378d40471c19dacec11c2583eb351ec30eb5b9b6da"
"VertexDeltaModel","0.3","1","engine_inventory_not_project_enablement","Engine/Plugins/Animation/MLDeformer/VertexDeltaModel/VertexDeltaModel.uplugin",,,"False","True","False","2f5b0ef4158486ba62c9939d6c806403d1ddb1d7902878144428b7c4eeb2e717"
"VEUV","0.1","1","engine_inventory_not_project_enablement","Engine/Plugins/Experimental/VEUV/VEUV.uplugin",,"False","False","False","True","7831815034c47503f4e74badf524012f643dda4785ab59b0f43c275b4e32c410"
"ViewportWidgetOverlay","1.0","1","engine_inventory_not_project_enablement","Engine/Plugins/VirtualProduction/ViewportWidgetOverlay/ViewportWidgetOverlay.uplugin",,,"False","False","False","6eddd9349bb23b58effaa3c7cdf1deb7b461466ebb32401bfd72f86c56ab7c16"
"VirtualCamera","1.0","1","engine_inventory_not_project_enablement","Engine/Plugins/VirtualProduction/VirtualCamera/VirtualCamera.uplugin",,"False","False","True",,"1f7bff9d31dc8f1ab5e70fc282b587ce74f08788f36ecf63b11642e18815129e"
"VirtualCameraCore","1.0","1","engine_inventory_not_project_enablement","Engine/Plugins/VirtualProduction/VirtualCameraCore/VirtualCameraCore.uplugin",,"False","False","True",,"9ce8430a4505243f6121143ee78425f0670800f49ecf94fa533b94b88f1307a3"
"VirtualHeightfieldMesh","0.1","1","engine_inventory_not_project_enablement","Engine/Plugins/Experimental/VirtualHeightfieldMesh/VirtualHeightfieldMesh.uplugin",,"False","False",,"True","6b93c3315bbfceb474a366e608759567c9a3fa0f50f76b432c19c12507a93dbc"
"VirtualProductionUtilities","1.0","1","engine_inventory_not_project_enablement","Engine/Plugins/Experimental/VirtualProductionUtilities/VirtualProductionUtilities.uplugin",,,"False","True",,"d8ab8e9b0230b658aebd8c3d7e182fd99a85e9f791415feb6b3c97a00feb4f88"
"VirtualScouting","1.0","1","engine_inventory_not_project_enablement","Engine/Plugins/VirtualProduction/VirtualScouting/VirtualScouting.uplugin",,"False","False","False","False","c94a3852e4c842e930eb4093f1c076a918192ee39f061bd0a59bbad3e6c38c06"
"VisualStudioCodeSourceCodeAccess","1.0","1","engine_inventory_not_project_enablement","Engine/Plugins/Developer/VisualStudioCodeSourceCodeAccess/VisualStudioCodeSourceCodeAccess.uplugin",,"True","False","False",,"e4f0902a3824dba30384ab951cdc8350c10340513fa0f53ff70887f188c83550"
"VisualStudioSourceCodeAccess","1.0","1","engine_inventory_not_project_enablement","Engine/Plugins/Developer/VisualStudioSourceCodeAccess/VisualStudioSourceCodeAccess.uplugin",,"True","False","False",,"0006e21c2d9dcb000339588e16574ee3cc78931df43139d097a16ab0c3d5812a"
"VoiceChat","1.0","1","engine_inventory_not_project_enablement","Engine/Plugins/Online/VoiceChat/VoiceChat/VoiceChat.uplugin",,"False",,,,"c7ff32a4191af8755ea0d98a6487561bc102bff8a84bfbe183dee3ad1076c60a"
"Volumetrics","1.0","1","engine_inventory_not_project_enablement","Engine/Plugins/Experimental/Volumetrics/Volumetrics.uplugin",,,"False","False",,"368e573c6000bb225e58440489a9b8d638b1f198b9842d845dab56d71c685329"
"VPRoles","1.0","1","engine_inventory_not_project_enablement","Engine/Plugins/Experimental/VirtualProduction/VPRoles/VPRoles.uplugin",,,"False","True",,"c774fb1c7157c6789ce8789d7df7544c6378338609e8f3ea2e09e275ecd6c654"
"VPSettings","1.0","1","engine_inventory_not_project_enablement","Engine/Plugins/Experimental/VirtualProduction/VPSettings/VPSettings.uplugin",,,"False","True",,"fa7804ae79cdd8ef36f041a5dd8408a0a808ee329e472d611143aa9741eea139"
"VPxDecoderElectra","1.0","1","engine_inventory_not_project_enablement","Engine/Plugins/Media/VPxDecoderElectra/VPxDecoderElectra.uplugin",,"False","False","False",,"6728c3012177634d2d2f5e5c31d775dd715dabdab95dc7b28f3831108963cde0"
"VTCodecs","0.1","1","engine_inventory_not_project_enablement","Engine/Plugins/Experimental/AVCodecs/VTCodecs/VTCodecs.uplugin",,"False","False",,"True","c305d36b979b92f9e02d6acf1081a19ded9b66457e71ecfb465666622a53be42"
"WarpUtils","1.0","1","engine_inventory_not_project_enablement","Engine/Plugins/Runtime/WarpUtils/WarpUtils.uplugin",,"False","False","True",,"078451383e010bca985e87d174ff3a8dce417b7eaee69f06815c078cdb37df30"
"Water","0.1","1","engine_inventory_not_project_enablement","Engine/Plugins/Experimental/Water/Water.uplugin",,"False","False",,"True","83c357a92d54ff2e5ec2d28fc134ab4f1bcdaf463b3dd51d45f2c551480d3493"
"WaterAdvanced","0.1","1","engine_inventory_not_project_enablement","Engine/Plugins/Experimental/WaterAdvanced/WaterAdvanced.uplugin",,"False","False","False","True","fdb39a2e805ea736e79ab7c3573dcba4906e917f586b9c5307190444a9759308"
"WaterExtras","0.1","1","engine_inventory_not_project_enablement","Engine/Plugins/Experimental/WaterExtras/WaterExtras.uplugin",,"False","False",,"True","99612ff82e1c483c2abe1f31640215fbc851f72688f6bc28e039f2641fb0427b"
"WaveformEditor","0.1","0.1","engine_inventory_not_project_enablement","Engine/Plugins/Editor/WaveformEditor/WaveformEditor.uplugin",,"False","False","True",,"f7cbe260e287f19679d7bbec58b087bc84e2a1f1ce501c9d1be943416db8e113"
"WaveFunctionCollapse","1.0","1","engine_inventory_not_project_enablement","Engine/Plugins/Experimental/WaveFunctionCollapse/WaveFunctionCollapse.uplugin",,,"False",,"True","278f2c2ec1995060ab94c178c4f30a5dfd0313b16c90c6077a520bf4fa1f46d1"
"WaveTable","1.0","1","engine_inventory_not_project_enablement","Engine/Plugins/Runtime/WaveTable/WaveTable.uplugin",,"False","False","True","False","106576d629903b09852f24b9e9c4a30a11c25025cd08c1fe6b1c525b25409144"
"WebAPI","1.0","1","engine_inventory_not_project_enablement","Engine/Plugins/Experimental/Web/WebAPI/WebAPI.uplugin",,"False","False","False","True","3b6b41f7fbae94bedf56997d1dd21d63bc169660a48827166844ebfc85ad8c1d"
"WebAuth","1.0","1","engine_inventory_not_project_enablement","Engine/Plugins/Online/WebAuth/WebAuth.uplugin",,"False",,,,"519e4ad691c7bc24f930077edac582c51a023121559df50bab4223c1ed0f3308"
"WebBrowserNativeProxy","1.0","1","engine_inventory_not_project_enablement","Engine/Plugins/Runtime/WebBrowserNativeProxy/WebBrowserNativeProxy.uplugin",,"False","False","False","False","82abbfade61233fc97e597527605082820bcfd40aacbcd396d352f8e6f0860c5"
"WebBrowserWidget","1.0","1","engine_inventory_not_project_enablement","Engine/Plugins/Runtime/WebBrowserWidget/WebBrowserWidget.uplugin",,"False","False","False","False","b74a3e0e093dcf3ba779368f1f206f996d42e72869580fa66d0166724d1c1a93"
"WebMMedia","1.0","1","engine_inventory_not_project_enablement","Engine/Plugins/Media/WebMMedia/WebMMedia.uplugin",,"False","False","True",,"78426a8ba108294aa90ab46d5983fb359e9a70744864e49803ac3ff6021a8463"
"WebMMoviePlayer","1.0","1","engine_inventory_not_project_enablement","Engine/Plugins/Runtime/WebMMoviePlayer/WebMMoviePlayer.uplugin",,"True","False","False","False","e6eec62b3edd3b53ef44d88261cfdc01083afab7eb6932840747c30a120a5d3d"
"WebSocketMessaging","1.0","1","engine_inventory_not_project_enablement","Engine/Plugins/Experimental/WebSocketMessaging/WebSocketMessaging.uplugin",,,"False","False","True","7c8d9934543a2f8c290137a01d999ef26ba1db62491cc40bca00666a5e4ad606"
"WebSocketNetworking","1.0","1","engine_inventory_not_project_enablement","Engine/Plugins/Experimental/WebSocketNetworking/WebSocketNetworking.uplugin",,"False","False","False",,"8f974138fd08cca6710a3d5dd64d44a0b0ce31fb03c51b42ab9aaf79c098b7eb"
"WidgetAutomationTests","1.0","1","engine_inventory_not_project_enablement","Engine/Plugins/Tests/WidgetAutomationTests/WidgetAutomationTests.uplugin",,"False","False","False","True","b0857b8c61bb2dd56875fee79bb80d0ddbfc0eed4ca72f4e58e175cca2b14cc8"
"WidgetEditorToolPalette","0.1","1","engine_inventory_not_project_enablement","Engine/Plugins/Experimental/WidgetEditorToolPalette/WidgetEditorToolPalette.uplugin",,,"False","True",,"24a5d65ebc7ca6c23640a20e06db2b04a08fd7f6d01479b96f5130ba6be79ab8"
"WindowsDeviceProfileSelector","1.0","1","engine_inventory_not_project_enablement","Engine/Plugins/Runtime/WindowsDeviceProfileSelector/WindowsDeviceProfileSelector.uplugin",,"True","False","False",,"b73975d3f7d7cd2151d772d0ce379e62916fee2b360693c71247c03d10a29bed"
"WindowsMoviePlayer","1.0","1","engine_inventory_not_project_enablement","Engine/Plugins/Runtime/WindowsMoviePlayer/WindowsMoviePlayer.uplugin",,"True","False","False","False","83ca0c718b85810f09e7994a8c36823cf38282b54dd305ea8814c657ba1b5e16"
"WinDualShock","1.0","1","engine_inventory_not_project_enablement","Engine/Plugins/Runtime/Windows/WinDualShock/WinDualShock.uplugin",,"False","False","False",,"53371b32bb1a1695dc688c6873e4b9c2b03491eb57273eb04f7930a498fe5a41"
"WinVirtualKeyboard","0.1","1","engine_inventory_not_project_enablement","Engine/Plugins/Runtime/Windows/WinVirtualKeyboard/WinVirtualKeyboard.uplugin",,"False","False","True",,"0313f773bd9fed8cd3706710e8ae321bc15c49fbdb44bdc061267abecf75b308"
"WMFCodecs","0.1","1","engine_inventory_not_project_enablement","Engine/Plugins/Experimental/AVCodecs/WMFCodecs/WMFCodecs.uplugin",,"False",,,"True","a259887bd66b7f470cfdc4a48d0585279a9ece180383ec9fb72fa33f90a9b92b"
"WmfMedia","2.0","2","engine_inventory_not_project_enablement","Engine/Plugins/Media/WmfMedia/WmfMedia.uplugin",,"True","False","False",,"5fffe1a8f7eefe215dd67624a310b468e4c2010fd935b9cc6ba6f7b622fcc930"
"Workspace","0.1","1","engine_inventory_not_project_enablement","Engine/Plugins/Experimental/Workspace/Workspace.uplugin",,"False","False","False","True","d715be463c7f03d9aa41d8c15c1ba518cdadd54644a0d61faf3d730ecd578117"
"WorldConditions","0.1","1","engine_inventory_not_project_enablement","Engine/Plugins/Runtime/WorldConditions/WorldConditions.uplugin",,"False","False",,"True","5ab20055ce56507128d0c7adcd5e53bb8ce03e8ee1359abc2b40bbf0f32ff1e6"
"WorldConditionsToolset","1.0","1","engine_inventory_not_project_enablement","Engine/Plugins/Experimental/Toolsets/WorldConditionsToolset/WorldConditionsToolset.uplugin",,"False","False","False","True","b06ec019f7209fd6a2b5acb17c4d57ebc8930fd0a8c4c3819155849d9d76e227"
"WorldMetrics","1.0","1","engine_inventory_not_project_enablement","Engine/Plugins/WorldMetrics/WorldMetrics.uplugin",,"True","False","False","True","3268b5cc4fa9c1eb904ea64bd15945e9d449f7293b489b7052c1f3f27d9110f2"
"WorldPartitionHLODUtilities","1.0","1","engine_inventory_not_project_enablement","Engine/Plugins/Editor/WorldPartitionHLODUtilities/WorldPartitionHLODUtilities.uplugin",,"True","False","False",,"a2dae3af1d37dbb6224a22bc1df6ce6e040af19862aca71baf16b360da812bfe"
"WorldStreamingInsights","1.0","1","engine_inventory_not_project_enablement","Engine/Plugins/WorldStreamingInsights/WorldStreamingInsights.uplugin",,"False","False","False","True","f055840499a0b7553fc8fa2566d6dba60e162dec6d01e18905628522e2082fd1"
"XcodeGPUDebuggerPlugin","1.0","1","engine_inventory_not_project_enablement","Engine/Plugins/Developer/XcodeGPUDebuggerPlugin/XcodeGPUDebuggerPlugin.uplugin",,"False",,,,"3f91a64eee6ca61c6e1ee13284279d1d77154bd5a042df94882aed12bc48a9a1"
"XCodeSourceCodeAccess","1.0","1","engine_inventory_not_project_enablement","Engine/Plugins/Developer/XCodeSourceCodeAccess/XCodeSourceCodeAccess.uplugin",,"True","False","False",,"ac339437241fed722e33e0e919e5d8a6270a385c8081d45b142540c7aba80cdd"
"XGEController","0.1","1","engine_inventory_not_project_enablement","Engine/Plugins/XGEController/XGEController.uplugin",,"True","False","False",,"c1630fa1aae5b018a0c8fadd7ec9244081228467f61787aac8eaed38c8e179af"
"XInputDevice","1.0","1","engine_inventory_not_project_enablement","Engine/Plugins/Runtime/Windows/XInputDevice/XInputDevice.uplugin",,"True",,"False",,"f085b865afd1bc8c2fff00e70efc7633ef950d5e6944c88aa3d1135a3a1f9c18"
"XRBase","1.0","1","engine_inventory_not_project_enablement","Engine/Plugins/Runtime/XRBase/XRBase.uplugin",,"False","False","False","False","c1636e37d5e37a3832bba1d0c044705bc642d495dafbed0fc65af4dc1855e482"
"XRCreativeFramework","1.0","1","engine_inventory_not_project_enablement","Engine/Plugins/Experimental/XRCreativeFramework/XRCreativeFramework.uplugin",,"False","False","True","False","c3a364a3c0e5b233571504cf121f7ac64cea608a0d3eef62ae1d5aa255fc0435"
"XRScribe","0.1","1","engine_inventory_not_project_enablement","Engine/Plugins/Runtime/XR/XRScribe/XRScribe.uplugin",,"False","False","False","True","657a8f0eab878da1675dd328a3262806186a3f46c507fdde65af268ee1c60a69"
"XRVisualization","1.0","1","engine_inventory_not_project_enablement","Engine/Plugins/Runtime/XR/XRVisualization/XRVisualization.uplugin",,"False","False","True","False","6b3f1e34c7b40e710c0196f2beb22f2ba39df4fd689f5febedd3f40989babfaa"
"ZoneGraph","0.5","1","engine_inventory_not_project_enablement","Engine/Plugins/Runtime/ZoneGraph/ZoneGraph.uplugin",,"False","False","False","True","014a18afc1cf3e6381acb86816002676e83cf48e09d896cb3affcc14e4e0329a"
"ZoneGraphAnnotations","0.5","1","engine_inventory_not_project_enablement","Engine/Plugins/Runtime/ZoneGraphAnnotations/ZoneGraphAnnotations.uplugin",,"False","False","False","True","585d3850c0d5b4d14a2badc9d8560bc41afb04442c3a8a8e4b3d49cbd492686c"
"UnrealMCPToolkit","1.1","2","other_project_observation_not_jam_dependency","RowenAndSiye_Fuke/Plugins/UnrealMCPToolkit/UnrealMCPToolkit.uplugin","5.8.0",,"False","False","False","aa83aa52300080629cf7b494234ebab32db5f17726966c42a1cbf6e2ae9e7c77"
